-- MySQL Administrator dump 1.4
--
-- ------------------------------------------------------
-- Server version	5.0.33-community-nt


/*!40101 SET @OLD_CHARACTER_SET_CLIENT=@@CHARACTER_SET_CLIENT */;
/*!40101 SET @OLD_CHARACTER_SET_RESULTS=@@CHARACTER_SET_RESULTS */;
/*!40101 SET @OLD_COLLATION_CONNECTION=@@COLLATION_CONNECTION */;
/*!40101 SET NAMES utf8 */;

/*!40014 SET @OLD_UNIQUE_CHECKS=@@UNIQUE_CHECKS, UNIQUE_CHECKS=0 */;
/*!40014 SET @OLD_FOREIGN_KEY_CHECKS=@@FOREIGN_KEY_CHECKS, FOREIGN_KEY_CHECKS=0 */;
/*!40101 SET @OLD_SQL_MODE=@@SQL_MODE, SQL_MODE='NO_AUTO_VALUE_ON_ZERO' */;


--
-- Create schema travel
--

CREATE DATABASE IF NOT EXISTS travel;
USE travel;

--
-- Definition of table `admin`
--

DROP TABLE IF EXISTS `admin`;
CREATE TABLE `admin` (
  `adminid` varchar(10) NOT NULL,
  `adminname` varchar(45) NOT NULL,
  `picture` blob NOT NULL,
  `password` varchar(45) NOT NULL,
  PRIMARY KEY  (`adminid`)
) ENGINE=InnoDB DEFAULT CHARSET=latin1;

--
-- Dumping data for table `admin`
--

/*!40000 ALTER TABLE `admin` DISABLE KEYS */;
INSERT INTO `admin` (`adminid`,`adminname`,`picture`,`password`) VALUES 
 ('001','sharad',0x7368617261642E6A7067,'123'),
 ('002','manish',0x616E64726F69642E6A7067,'123');
/*!40000 ALTER TABLE `admin` ENABLE KEYS */;


--
-- Definition of table `agency`
--

DROP TABLE IF EXISTS `agency`;
CREATE TABLE `agency` (
  `agencyid` int(10) unsigned NOT NULL auto_increment,
  `agencyname` varchar(45) NOT NULL,
  `ownername` varchar(45) NOT NULL,
  `address` varchar(200) NOT NULL,
  `state` varchar(45) NOT NULL,
  `city` varchar(45) NOT NULL,
  `contactperson` varchar(45) NOT NULL,
  `mobileno` varchar(45) NOT NULL,
  `phoneno` varchar(45) NOT NULL,
  `emailid` varchar(45) NOT NULL,
  `registrationid` varchar(45) NOT NULL,
  `registrationid_proof` blob NOT NULL,
  `identity` varchar(45) NOT NULL,
  `identity_proof` blob NOT NULL,
  `logo` blob NOT NULL,
  `password` varchar(45) NOT NULL,
  `status` varchar(45) NOT NULL,
  PRIMARY KEY  (`agencyid`)
) ENGINE=InnoDB DEFAULT CHARSET=latin1;

--
-- Dumping data for table `agency`
--

/*!40000 ALTER TABLE `agency` DISABLE KEYS */;
INSERT INTO `agency` (`agencyid`,`agencyname`,`ownername`,`address`,`state`,`city`,`contactperson`,`mobileno`,`phoneno`,`emailid`,`registrationid`,`registrationid_proof`,`identity`,`identity_proof`,`logo`,`password`,`status`) VALUES 
 (1,'JioSoft','Ambani','Mareen road','22','2707','jeff','1232123','464798','jiosoft@mail.com','mm234',0x42656174735F456C656374726F6E6963735F6C6F676F2E7376672E706E67,'ISO certified',0x456D6F6A695F7531663461662E7376672E706E67,0x4D766965772E706E67,'123','Not Verified'),
 (2,'Softech','Sappal','Thatipur','21','2214','abc','123123123','123123','Softech@123','23412',0x706861726D61636965735F626C75655F726F756E642E706E67,'Passport',0x54664E53575F542E7376672E706E67,0x6C6F676F536F756E64636C6F75642E706E67,'123','Not Verify'),
 (3,'ACS','R. S.','Maharaj Bada','33','3295','Yash','123456','223344','qwerty@gmail.com','AdharCard',0x6D757369632E706E67,'Passport',0x4C415F69636F6E5F616E64726F69645F726F756E64656439305F3130323478313032342E706E67,0x53706F746C696768742D416461707469636F6E732D69732D616E2D657863657074696F6E616C2D416E64726F69642D6170702D746861742D6C6574732D796F752D637573746F6D697A652D796F75722D6F776E2D69636F6E732E6A7067,'Mk','Not Verify'),
 (4,'JoFlix','Jorge Flix','Joe city Indonesia','22','2763','kelvin','12123232','3457892','jorgeflix@flix.mail','Greencard',0x5865726F2B6C6F676F2E706E67,'license',0x456D6F6A695F7531663338642E7376672E706E67,0x636F6D2E7261696E7973747564696F2E706978656C6E6F7567617469636F6E7061636B5F6170705F69636F6E5F313531363030393334302E706E67,'jorge','Verified'),
 (5,'surya','sanskar','sachine marg city center','21','2229','manish','98434984','3443453','surya@mail','9213213',0x3530305F465F3134303033323437325F7435306D7941646772725156684156645A7573566531585753516379666A62502E6A7067,'mycard',0x32663163363661656433303533666130303934333935616332643461633330352E6A7067,0x456D6F6A695F7531663432632E7376672E706E67,'123','Not Verify');
/*!40000 ALTER TABLE `agency` ENABLE KEYS */;


--
-- Definition of table `agencybid`
--

DROP TABLE IF EXISTS `agencybid`;
CREATE TABLE `agencybid` (
  `Transactionid` int(10) unsigned NOT NULL auto_increment,
  `currentdate` date NOT NULL,
  `currenttime` time NOT NULL,
  `agencyid` varchar(45) NOT NULL,
  `bookingid` int(10) NOT NULL,
  `bidamount` int(6) NOT NULL,
  PRIMARY KEY  USING BTREE (`Transactionid`,`bookingid`)
) ENGINE=InnoDB DEFAULT CHARSET=latin1;

--
-- Dumping data for table `agencybid`
--

/*!40000 ALTER TABLE `agencybid` DISABLE KEYS */;
INSERT INTO `agencybid` (`Transactionid`,`currentdate`,`currenttime`,`agencyid`,`bookingid`,`bidamount`) VALUES 
 (6,'2018-03-07','00:17:04','2',1,600),
 (7,'2018-03-07','00:17:20','2',1,640),
 (8,'2018-03-07','00:17:34','2',1,700),
 (9,'2018-03-07','00:17:41','1',1,500),
 (10,'2018-03-07','00:17:51','1',1,490),
 (11,'2018-03-07','00:18:04','2',4,6000),
 (12,'2018-03-07','00:18:13','2',4,5800),
 (13,'2018-03-07','00:18:23','1',4,7000),
 (14,'2018-03-07','00:18:31','1',4,6200),
 (15,'2018-04-23','02:02:16','2',5,600);
/*!40000 ALTER TABLE `agencybid` ENABLE KEYS */;


--
-- Definition of table `agencyvehicle`
--

DROP TABLE IF EXISTS `agencyvehicle`;
CREATE TABLE `agencyvehicle` (
  `transectionid` int(10) unsigned NOT NULL auto_increment,
  `agencyid` varchar(45) NOT NULL,
  `vehicleid` varchar(20) NOT NULL,
  `vehiclename` varchar(45) NOT NULL,
  `modelyear` varchar(45) NOT NULL,
  `vehiclecolor` varchar(45) NOT NULL,
  `vehicletype` varchar(45) NOT NULL,
  `vehiclecapacity` varchar(45) NOT NULL,
  `insurance` varchar(45) character set latin1 collate latin1_bin NOT NULL,
  `ac` varchar(45) NOT NULL,
  `fueltype` varchar(45) NOT NULL,
  `picture` blob NOT NULL,
  PRIMARY KEY  USING BTREE (`transectionid`,`vehicleid`)
) ENGINE=InnoDB DEFAULT CHARSET=latin1;

--
-- Dumping data for table `agencyvehicle`
--

/*!40000 ALTER TABLE `agencyvehicle` DISABLE KEYS */;
INSERT INTO `agencyvehicle` (`transectionid`,`agencyid`,`vehicleid`,`vehiclename`,`modelyear`,`vehiclecolor`,`vehicletype`,`vehiclecapacity`,`insurance`,`ac`,`fueltype`,`picture`) VALUES 
 (5,'1','MP0701','Hundai','1999-02','Green','Convertible','4',0x596573,'No','Diesel',0x6D656D706869732D303032372E6A7067),
 (6,'2','MP0702','Swift Desire','2018-01','White','Sedans','4',0x596573,'No','Diesel & CNG',0x617564697263352E6A7067),
 (7,'3','MP0703','Audi','2016-11','Black','Hatchback','2',0x596573,'Yes','Diesel',0x32323665636538303761633439626261323663373363633837656639643532312E6A7067),
 (11,'5','MP0704','Lamborgini','2017-02','Brown','Luxury','2',0x4E6F,'Yes','CNG',0x6C616D626F7267696E692E6A7067),
 (12,'2','MP0705','BMW','2014-07','White','SUV','4',0x596573,'Yes','Diesel',0x65376438393165353637663439373863643430316531616662613339393464362D2D626162792D626162792D626162792D6769726C732E6A7067),
 (13,'4','MP0706','Audi R8','2017-01','Matte Black','Coupe','6',0x4E6F,'Yes','Diesel',0x65336636666434613236306465653238656465373232383138653030303836352D2D6361722D66696E6465722D616D617A696E672D636172732E6A7067),
 (14,'2','MP0707','Porche','2017-11','Red','Sedans','4',0x4E6F,'Yes','Diesel',0x65333638323563396666346263343561663832386463653039303132346633362D2D666961742D636172732D666961742D2E6A7067);
/*!40000 ALTER TABLE `agencyvehicle` ENABLE KEYS */;


--
-- Definition of table `bookings`
--

DROP TABLE IF EXISTS `bookings`;
CREATE TABLE `bookings` (
  `transactionid` int(10) NOT NULL default '0',
  `bookingid` int(10) unsigned NOT NULL auto_increment,
  `clientemail` varchar(45) NOT NULL,
  `mobile` varchar(45) NOT NULL,
  `vehicleid` varchar(20) NOT NULL,
  `currentdate` varchar(45) NOT NULL,
  `bfrom` varchar(45) NOT NULL,
  `bto` varchar(45) NOT NULL,
  `source` varchar(45) NOT NULL,
  `destination` varchar(45) NOT NULL,
  `status` varchar(45) NOT NULL,
  PRIMARY KEY  USING BTREE (`bookingid`,`transactionid`)
) ENGINE=InnoDB DEFAULT CHARSET=latin1;

--
-- Dumping data for table `bookings`
--

/*!40000 ALTER TABLE `bookings` DISABLE KEYS */;
INSERT INTO `bookings` (`transactionid`,`bookingid`,`clientemail`,`mobile`,`vehicleid`,`currentdate`,`bfrom`,`bto`,`source`,`destination`,`status`) VALUES 
 (0,1,'mm@123','123123','MP0702','Fri Mar 02 20:32:58 IST 2018','2018-03-02','2018-03-04','2214','3378','Booked'),
 (0,4,'User@123','1111','MP0707','Fri Mar 02 23:48:10 IST 2018','2018-03-02','2018-03-04','2214','2763','Booked'),
 (0,5,'User@123','1111','MP0705','Tue Apr 10 12:20:10 IST 2018','2018-05-03','2018-05-05','2214','2763','UnBooked'),
 (0,6,'mm@123','123123','MP0705','Fri Apr 20 10:32:04 IST 2018','2018-04-14','2018-04-22','2214','2763','UnBooked');
/*!40000 ALTER TABLE `bookings` ENABLE KEYS */;


--
-- Definition of table `cities`
--

DROP TABLE IF EXISTS `cities`;
CREATE TABLE `cities` (
  `stateid` int(10) unsigned NOT NULL,
  `cityid` int(10) unsigned NOT NULL auto_increment,
  `cityname` varchar(45) NOT NULL,
  PRIMARY KEY  (`cityid`)
) ENGINE=InnoDB DEFAULT CHARSET=latin1;

--
-- Dumping data for table `cities`
--

/*!40000 ALTER TABLE `cities` DISABLE KEYS */;
INSERT INTO `cities` (`stateid`,`cityid`,`cityname`) VALUES 
 (21,2070,'Agar'),
 (21,2071,'Ajaigarh'),
 (21,2072,'Akoda'),
 (21,2073,'Akodia'),
 (21,2074,'Alampur'),
 (21,2075,'Alirajpur'),
 (21,2076,'Alot'),
 (21,2077,'Amanganj'),
 (21,2078,'Amarkantak'),
 (21,2079,'Amarpatan'),
 (21,2080,'Amarwara'),
 (21,2081,'Ambada'),
 (21,2082,'Ambah'),
 (21,2083,'Amla'),
 (21,2084,'Amlai'),
 (21,2085,'Anjad'),
 (21,2086,'Antri'),
 (21,2087,'Anuppur'),
 (21,2088,'Aron'),
 (21,2089,'Ashoknagar'),
 (21,2090,'Ashta'),
 (21,2091,'Babai'),
 (21,2092,'Bada Malhera'),
 (21,2093,'Badagaon'),
 (21,2094,'Badagoan'),
 (21,2095,'Badarwas'),
 (21,2096,'Badawada'),
 (21,2097,'Badi'),
 (21,2098,'Badkuhi'),
 (21,2099,'Badnagar'),
 (21,2100,'Badnawar'),
 (21,2101,'Badod'),
 (21,2102,'Badoda'),
 (21,2103,'Badra'),
 (21,2104,'Bagh'),
 (21,2105,'Bagli'),
 (21,2106,'Baihar'),
 (21,2107,'Baikunthpur'),
 (21,2108,'Bakswaha'),
 (21,2109,'Balaghat'),
 (21,2110,'Baldeogarh'),
 (21,2111,'Bamaniya'),
 (21,2112,'Bamhani'),
 (21,2113,'Bamor'),
 (21,2114,'Bamora'),
 (21,2115,'Banda'),
 (21,2116,'Bangawan'),
 (21,2117,'Bansatar Kheda'),
 (21,2118,'Baraily'),
 (21,2119,'Barela'),
 (21,2120,'Barghat'),
 (21,2121,'Bargi'),
 (21,2122,'Barhi'),
 (21,2123,'Barigarh'),
 (21,2124,'Barwaha'),
 (21,2125,'Barwani'),
 (21,2126,'Basoda'),
 (21,2127,'Begamganj'),
 (21,2128,'Beohari'),
 (21,2129,'Berasia'),
 (21,2130,'Betma'),
 (21,2131,'Betul'),
 (21,2132,'Betul Bazar'),
 (21,2133,'Bhainsdehi'),
 (21,2134,'Bhamodi'),
 (21,2135,'Bhander'),
 (21,2136,'Bhanpura'),
 (21,2137,'Bharveli'),
 (21,2138,'Bhaurasa'),
 (21,2139,'Bhavra'),
 (21,2140,'Bhedaghat'),
 (21,2141,'Bhikangaon'),
 (21,2142,'Bhilakhedi'),
 (21,2143,'Bhind'),
 (21,2144,'Bhitarwar'),
 (21,2145,'Bhopal'),
 (21,2146,'Bhuibandh'),
 (21,2147,'Biaora'),
 (21,2148,'Bijawar'),
 (21,2149,'Bijeypur'),
 (21,2150,'Bijrauni'),
 (21,2151,'Bijuri'),
 (21,2152,'Bilaua'),
 (21,2153,'Bilpura'),
 (21,2154,'Bina Railway Colony'),
 (21,2155,'Bina-Etawa'),
 (21,2156,'Birsinghpur'),
 (21,2157,'Boda'),
 (21,2158,'Budhni'),
 (21,2159,'Burhanpur'),
 (21,2160,'Burhar'),
 (21,2161,'Chachaura Binaganj'),
 (21,2162,'Chakghat'),
 (21,2163,'Chandameta Butar'),
 (21,2164,'Chanderi'),
 (21,2165,'Chandia'),
 (21,2166,'Chandla'),
 (21,2167,'Chaurai Khas'),
 (21,2168,'Chhatarpur'),
 (21,2169,'Chhindwara'),
 (21,2170,'Chhota Chhindwara'),
 (21,2171,'Chichli'),
 (21,2172,'Chitrakut'),
 (21,2173,'Churhat'),
 (21,2174,'Daboh'),
 (21,2175,'Dabra'),
 (21,2176,'Damoh'),
 (21,2177,'Damua'),
 (21,2178,'Datia'),
 (21,2179,'Deodara'),
 (21,2180,'Deori'),
 (21,2181,'Deori Khas'),
 (21,2182,'Depalpur'),
 (21,2183,'Devendranagar'),
 (21,2184,'Devhara'),
 (21,2185,'Dewas'),
 (21,2186,'Dhamnod'),
 (21,2187,'Dhana'),
 (21,2188,'Dhanpuri'),
 (21,2189,'Dhar'),
 (21,2190,'Dharampuri'),
 (21,2191,'Dighawani'),
 (21,2192,'Diken'),
 (21,2193,'Dindori'),
 (21,2194,'Dola'),
 (21,2195,'Dumar Kachhar'),
 (21,2196,'Dungariya Chhapara'),
 (21,2197,'Gadarwara'),
 (21,2198,'Gairatganj'),
 (21,2199,'Gandhi Sagar Hydel Colony'),
 (21,2200,'Ganjbasoda'),
 (21,2201,'Garhakota'),
 (21,2202,'Garhi Malhara'),
 (21,2203,'Garoth'),
 (21,2204,'Gautapura'),
 (21,2205,'Ghansor'),
 (21,2206,'Ghuwara'),
 (21,2207,'Gogaon'),
 (21,2208,'Gogapur'),
 (21,2209,'Gohad'),
 (21,2210,'Gormi'),
 (21,2211,'Govindgarh'),
 (21,2212,'Guna'),
 (21,2213,'Gurh'),
 (21,2214,'Gwalior'),
 (21,2215,'Hanumana'),
 (21,2216,'Harda'),
 (21,2217,'Harpalpur'),
 (21,2218,'Harrai'),
 (21,2219,'Harsud'),
 (21,2220,'Hatod'),
 (21,2221,'Hatpipalya'),
 (21,2222,'Hatta'),
 (21,2223,'Hindoria'),
 (21,2224,'Hirapur'),
 (21,2225,'Hoshangabad'),
 (21,2226,'Ichhawar'),
 (21,2227,'Iklehra'),
 (21,2228,'Indergarh'),
 (21,2229,'Indore'),
 (21,2230,'Isagarh'),
 (21,2231,'Itarsi'),
 (21,2232,'Jabalpur'),
 (21,2233,'Jabalpur Cantonment'),
 (21,2234,'Jabalpur G.C.F'),
 (21,2235,'Jaisinghnagar'),
 (21,2236,'Jaithari'),
 (21,2237,'Jaitwara'),
 (21,2238,'Jamai'),
 (21,2239,'Jaora'),
 (21,2240,'Jatachhapar'),
 (21,2241,'Jatara'),
 (21,2242,'Jawad'),
 (21,2243,'Jawar'),
 (21,2244,'Jeronkhalsa'),
 (21,2245,'Jhabua'),
 (21,2246,'Jhundpura'),
 (21,2247,'Jiran'),
 (21,2248,'Jirapur'),
 (21,2249,'Jobat'),
 (21,2250,'Joura'),
 (21,2251,'Kailaras'),
 (21,2252,'Kaimur'),
 (21,2253,'Kakarhati'),
 (21,2254,'Kalichhapar'),
 (21,2255,'Kanad'),
 (21,2256,'Kannod'),
 (21,2257,'Kantaphod'),
 (21,2258,'Kareli'),
 (21,2259,'Karera'),
 (21,2260,'Kari'),
 (21,2261,'Karnawad'),
 (21,2262,'Karrapur'),
 (21,2263,'Kasrawad'),
 (21,2264,'Katangi'),
 (21,2265,'Katni'),
 (21,2266,'Kelhauri'),
 (21,2267,'Khachrod'),
 (21,2268,'Khajuraho'),
 (21,2269,'Khamaria'),
 (21,2270,'Khand'),
 (21,2271,'Khandwa'),
 (21,2272,'Khaniyadhana'),
 (21,2273,'Khargapur'),
 (21,2274,'Khargone'),
 (21,2275,'Khategaon'),
 (21,2276,'Khetia'),
 (21,2277,'Khilchipur'),
 (21,2278,'Khirkiya'),
 (21,2279,'Khujner'),
 (21,2280,'Khurai'),
 (21,2281,'Kolaras'),
 (21,2282,'Kotar'),
 (21,2283,'Kothi'),
 (21,2284,'Kotma'),
 (21,2285,'Kukshi'),
 (21,2286,'Kumbhraj'),
 (21,2287,'Kurwai'),
 (21,2288,'Lahar'),
 (21,2289,'Lakhnadon'),
 (21,2290,'Lateri'),
 (21,2291,'Laundi'),
 (21,2292,'Lidhora Khas'),
 (21,2293,'Lodhikheda'),
 (21,2294,'Loharda'),
 (21,2295,'Machalpur'),
 (21,2296,'Madhogarh'),
 (21,2297,'Maharajpur'),
 (21,2298,'Maheshwar'),
 (21,2299,'Mahidpur'),
 (21,2300,'Maihar'),
 (21,2301,'Majholi'),
 (21,2302,'Makronia'),
 (21,2303,'Maksi'),
 (21,2304,'Malaj Khand'),
 (21,2305,'Malanpur'),
 (21,2306,'Malhargarh'),
 (21,2307,'Manasa'),
 (21,2308,'Manawar'),
 (21,2309,'Mandav'),
 (21,2310,'Mandideep'),
 (21,2311,'Mandla'),
 (21,2312,'Mandleshwar'),
 (21,2313,'Mandsaur'),
 (21,2314,'Manegaon'),
 (21,2315,'Mangawan'),
 (21,2316,'Manglaya Sadak'),
 (21,2317,'Manpur'),
 (21,2318,'Mau'),
 (21,2319,'Mauganj'),
 (21,2320,'Meghnagar'),
 (21,2321,'Mehara Gaon'),
 (21,2322,'Mehgaon'),
 (21,2323,'Mhaugaon'),
 (21,2324,'Mhow'),
 (21,2325,'Mihona'),
 (21,2326,'Mohgaon'),
 (21,2327,'Morar'),
 (21,2328,'Morena'),
 (21,2329,'Morwa'),
 (21,2330,'Multai'),
 (21,2331,'Mundi'),
 (21,2332,'Mungaoli'),
 (21,2333,'Murwara'),
 (21,2334,'Nagda'),
 (21,2335,'Nagod'),
 (21,2336,'Nagri'),
 (21,2337,'Naigarhi'),
 (21,2338,'Nainpur'),
 (21,2339,'Nalkheda'),
 (21,2340,'Namli'),
 (21,2341,'Narayangarh'),
 (21,2342,'Narsimhapur'),
 (21,2343,'Narsingarh'),
 (21,2344,'Narsinghpur'),
 (21,2345,'Narwar'),
 (21,2346,'Nasrullaganj'),
 (21,2347,'Naudhia'),
 (21,2348,'Naugaon'),
 (21,2349,'Naurozabad'),
 (21,2350,'Neemuch'),
 (21,2351,'Nepa Nagar'),
 (21,2352,'Neuton Chikhli Kalan'),
 (21,2353,'Nimach'),
 (21,2354,'Niwari'),
 (21,2355,'Obedullaganj'),
 (21,2356,'Omkareshwar'),
 (21,2357,'Orachha'),
 (21,2358,'Ordinance Factory Itarsi'),
 (21,2359,'Pachmarhi'),
 (21,2360,'Pachmarhi Cantonment'),
 (21,2361,'Pachore'),
 (21,2362,'Palchorai'),
 (21,2363,'Palda'),
 (21,2364,'Palera'),
 (21,2365,'Pali'),
 (21,2366,'Panagar'),
 (21,2367,'Panara'),
 (21,2368,'Pandaria'),
 (21,2369,'Pandhana'),
 (21,2370,'Pandhurna'),
 (21,2371,'Panna'),
 (21,2372,'Pansemal'),
 (21,2373,'Parasia'),
 (21,2374,'Pasan'),
 (21,2375,'Patan'),
 (21,2376,'Patharia'),
 (21,2377,'Pawai'),
 (21,2378,'Petlawad'),
 (21,2379,'Phuph Kalan'),
 (21,2380,'Pichhore'),
 (21,2381,'Pipariya'),
 (21,2382,'Pipliya Mandi'),
 (21,2383,'Piploda'),
 (21,2384,'Pithampur'),
 (21,2385,'Polay Kalan'),
 (21,2386,'Porsa'),
 (21,2387,'Prithvipur'),
 (21,2388,'Raghogarh'),
 (21,2389,'Rahatgarh'),
 (21,2390,'Raisen'),
 (21,2391,'Rajakhedi'),
 (21,2392,'Rajgarh'),
 (21,2393,'Rajnagar'),
 (21,2394,'Rajpur'),
 (21,2395,'Rampur Baghelan'),
 (21,2396,'Rampur Naikin'),
 (21,2397,'Rampura'),
 (21,2398,'Ranapur'),
 (21,2399,'Ranipura'),
 (21,2400,'Ratangarh'),
 (21,2401,'Ratlam'),
 (21,2402,'Ratlam Kasba'),
 (21,2403,'Rau'),
 (21,2404,'Rehli'),
 (21,2405,'Rehti'),
 (21,2406,'Rewa'),
 (21,2407,'Sabalgarh'),
 (21,2408,'Sagar'),
 (21,2409,'Sagar Cantonment'),
 (21,2410,'Sailana'),
 (21,2411,'Sanawad'),
 (21,2412,'Sanchi'),
 (21,2413,'Sanwer'),
 (21,2414,'Sarangpur'),
 (21,2415,'Sardarpur'),
 (21,2416,'Sarni'),
 (21,2417,'Satai'),
 (21,2418,'Satna'),
 (21,2419,'Satwas'),
 (21,2420,'Sausar'),
 (21,2421,'Sehore'),
 (21,2422,'Semaria'),
 (21,2423,'Sendhwa'),
 (21,2424,'Seondha'),
 (21,2425,'Seoni'),
 (21,2426,'Seoni Malwa'),
 (21,2427,'Sethia'),
 (21,2428,'Shahdol'),
 (21,2429,'Shahgarh'),
 (21,2430,'Shahpur'),
 (21,2431,'Shahpura'),
 (21,2432,'Shajapur'),
 (21,2433,'Shamgarh'),
 (21,2434,'Sheopur'),
 (21,2435,'Shivpuri'),
 (21,2436,'Shujalpur'),
 (21,2437,'Sidhi'),
 (21,2438,'Sihora'),
 (21,2439,'Singolo'),
 (21,2440,'Singrauli'),
 (21,2441,'Sinhasa'),
 (21,2442,'Sirgora'),
 (21,2443,'Sirmaur'),
 (21,2444,'Sironj'),
 (21,2445,'Sitamau'),
 (21,2446,'Sohagpur'),
 (21,2447,'Sonkatch'),
 (21,2448,'Soyatkalan'),
 (21,2449,'Suhagi'),
 (21,2450,'Sultanpur'),
 (21,2451,'Susner'),
 (21,2452,'Suthaliya'),
 (21,2453,'Tal'),
 (21,2454,'Talen'),
 (21,2455,'Tarana'),
 (21,2456,'Taricharkalan'),
 (21,2457,'Tekanpur'),
 (21,2458,'Tendukheda'),
 (21,2459,'Teonthar'),
 (21,2460,'Thandia'),
 (21,2461,'Tikamgarh'),
 (21,2462,'Timarni'),
 (21,2463,'Tirodi'),
 (21,2464,'Udaipura'),
 (21,2465,'Ujjain'),
 (21,2466,'Ukwa'),
 (21,2467,'Umaria'),
 (21,2468,'Unchahara'),
 (21,2469,'Unhel'),
 (21,2470,'Vehicle Factory Jabalpur'),
 (21,2471,'Vidisha'),
 (21,2472,'Vijayraghavgarh'),
 (21,2473,'Waraseoni'),
 (22,2474,'Achalpur'),
 (22,2475,'Aheri'),
 (22,2476,'Ahmadnagar Cantonment'),
 (22,2477,'Ahmadpur'),
 (22,2478,'Ahmednagar'),
 (22,2479,'Ajra'),
 (22,2480,'Akalkot'),
 (22,2481,'Akkalkuwa'),
 (22,2482,'Akola'),
 (22,2483,'Akot'),
 (22,2484,'Alandi'),
 (22,2485,'Alibag'),
 (22,2486,'Allapalli'),
 (22,2487,'Alore'),
 (22,2488,'Amalner'),
 (22,2489,'Ambad'),
 (22,2490,'Ambajogai'),
 (22,2491,'Ambernath'),
 (22,2492,'Ambivali Tarf Wankhal'),
 (22,2493,'Amgaon'),
 (22,2494,'Amravati'),
 (22,2495,'Anjangaon'),
 (22,2496,'Arvi'),
 (22,2497,'Ashta'),
 (22,2498,'Ashti'),
 (22,2499,'Aurangabad'),
 (22,2500,'Aurangabad Cantonment'),
 (22,2501,'Ausa'),
 (22,2502,'Babhulgaon'),
 (22,2503,'Badlapur'),
 (22,2504,'Balapur'),
 (22,2505,'Ballarpur'),
 (22,2506,'Baramati'),
 (22,2507,'Barshi'),
 (22,2508,'Basmat'),
 (22,2509,'Beed'),
 (22,2510,'Bhadravati'),
 (22,2511,'Bhagur'),
 (22,2512,'Bhandara'),
 (22,2513,'Bhigvan'),
 (22,2514,'Bhingar'),
 (22,2515,'Bhiwandi'),
 (22,2516,'Bhokhardan'),
 (22,2517,'Bhor'),
 (22,2518,'Bhosari'),
 (22,2519,'Bhum'),
 (22,2520,'Bhusawal'),
 (22,2521,'Bid'),
 (22,2522,'Biloli'),
 (22,2523,'Birwadi'),
 (22,2524,'Boisar'),
 (22,2525,'Bop Khel'),
 (22,2526,'Brahmapuri'),
 (22,2527,'Budhgaon'),
 (22,2528,'Buldana'),
 (22,2529,'Buldhana'),
 (22,2530,'Butibori'),
 (22,2531,'Chakan'),
 (22,2532,'Chalisgaon'),
 (22,2533,'Chandrapur'),
 (22,2534,'Chandur'),
 (22,2535,'Chandur Bazar'),
 (22,2536,'Chandvad'),
 (22,2537,'Chicholi'),
 (22,2538,'Chikhala'),
 (22,2539,'Chikhaldara'),
 (22,2540,'Chikhli'),
 (22,2541,'Chinchani'),
 (22,2542,'Chinchwad'),
 (22,2543,'Chiplun'),
 (22,2544,'Chopda'),
 (22,2545,'Dabhol'),
 (22,2546,'Dahance'),
 (22,2547,'Dahanu'),
 (22,2548,'Daharu'),
 (22,2549,'Dapoli Camp'),
 (22,2550,'Darwa'),
 (22,2551,'Daryapur'),
 (22,2552,'Dattapur'),
 (22,2553,'Daund'),
 (22,2554,'Davlameti'),
 (22,2555,'Deglur'),
 (22,2556,'Dehu Road'),
 (22,2557,'Deolali'),
 (22,2558,'Deolali Pravara'),
 (22,2559,'Deoli'),
 (22,2560,'Desaiganj'),
 (22,2561,'Deulgaon Raja'),
 (22,2562,'Dewhadi'),
 (22,2563,'Dharangaon'),
 (22,2564,'Dharmabad'),
 (22,2565,'Dharur'),
 (22,2566,'Dhatau'),
 (22,2567,'Dhule'),
 (22,2568,'Digdoh'),
 (22,2569,'Diglur'),
 (22,2570,'Digras'),
 (22,2571,'Dombivli'),
 (22,2572,'Dondaicha'),
 (22,2573,'Dudhani'),
 (22,2574,'Durgapur'),
 (22,2575,'Dyane'),
 (22,2576,'Edandol'),
 (22,2577,'Eklahare'),
 (22,2578,'Faizpur'),
 (22,2579,'Fekari'),
 (22,2580,'Gadchiroli'),
 (22,2581,'Gadhinghaj'),
 (22,2582,'Gandhi Nagar'),
 (22,2583,'Ganeshpur'),
 (22,2584,'Gangakher'),
 (22,2585,'Gangapur'),
 (22,2586,'Gevrai'),
 (22,2587,'Ghatanji'),
 (22,2588,'Ghoti'),
 (22,2589,'Ghugus'),
 (22,2590,'Ghulewadi'),
 (22,2591,'Godoli'),
 (22,2592,'Gondia'),
 (22,2593,'Guhagar'),
 (22,2594,'Hadgaon'),
 (22,2595,'Harnai Beach'),
 (22,2596,'Hinganghat'),
 (22,2597,'Hingoli'),
 (22,2598,'Hupari'),
 (22,2599,'Ichalkaranji'),
 (22,2600,'Igatpuri'),
 (22,2601,'Indapur'),
 (22,2602,'Jaisinghpur'),
 (22,2603,'Jalgaon'),
 (22,2604,'Jalna'),
 (22,2605,'Jamkhed'),
 (22,2606,'Jawhar'),
 (22,2607,'Jaysingpur'),
 (22,2608,'Jejuri'),
 (22,2609,'Jintur'),
 (22,2610,'Junnar'),
 (22,2611,'Kabnur'),
 (22,2612,'Kagal'),
 (22,2613,'Kalamb'),
 (22,2614,'Kalamnuri'),
 (22,2615,'Kalas'),
 (22,2616,'Kalmeshwar'),
 (22,2617,'Kalundre'),
 (22,2618,'Kalyan'),
 (22,2619,'Kamthi'),
 (22,2620,'Kamthi Cantonment'),
 (22,2621,'Kandari'),
 (22,2622,'Kandhar'),
 (22,2623,'Kandri'),
 (22,2624,'Kandri II'),
 (22,2625,'Kanhan'),
 (22,2626,'Kankavli'),
 (22,2627,'Kannad'),
 (22,2628,'Karad'),
 (22,2629,'Karanja'),
 (22,2630,'Karanje Tarf'),
 (22,2631,'Karivali'),
 (22,2632,'Karjat'),
 (22,2633,'Karmala'),
 (22,2634,'Kasara Budruk'),
 (22,2635,'Katai'),
 (22,2636,'Katkar'),
 (22,2637,'Katol'),
 (22,2638,'Kegaon'),
 (22,2639,'Khadkale'),
 (22,2640,'Khadki'),
 (22,2641,'Khamgaon'),
 (22,2642,'Khapa'),
 (22,2643,'Kharadi'),
 (22,2644,'Kharakvasla'),
 (22,2645,'Khed'),
 (22,2646,'Kherdi'),
 (22,2647,'Khoni'),
 (22,2648,'Khopoli'),
 (22,2649,'Khuldabad'),
 (22,2650,'Kinwat'),
 (22,2651,'Kodoli'),
 (22,2652,'Kolhapur'),
 (22,2653,'Kon'),
 (22,2654,'Kondumal'),
 (22,2655,'Kopargaon'),
 (22,2656,'Kopharad'),
 (22,2657,'Koradi'),
 (22,2658,'Koregaon'),
 (22,2659,'Korochi'),
 (22,2660,'Kudal'),
 (22,2661,'Kundaim'),
 (22,2662,'Kundalwadi'),
 (22,2663,'Kurandvad'),
 (22,2664,'Kurduvadi'),
 (22,2665,'Kusgaon Budruk'),
 (22,2666,'Lanja'),
 (22,2667,'Lasalgaon'),
 (22,2668,'Latur'),
 (22,2669,'Loha'),
 (22,2670,'Lohegaon'),
 (22,2671,'Lonar'),
 (22,2672,'Lonavala'),
 (22,2673,'Madhavnagar'),
 (22,2674,'Mahabaleshwar'),
 (22,2675,'Mahad'),
 (22,2676,'Mahadula'),
 (22,2677,'Maindargi'),
 (22,2678,'Majalgaon'),
 (22,2679,'Malegaon'),
 (22,2680,'Malgaon'),
 (22,2681,'Malkapur'),
 (22,2682,'Malwan'),
 (22,2683,'Manadur'),
 (22,2684,'Manchar'),
 (22,2685,'Mangalvedhe'),
 (22,2686,'Mangrul Pir'),
 (22,2687,'Manmad'),
 (22,2688,'Manor'),
 (22,2689,'Mansar'),
 (22,2690,'Manwath'),
 (22,2691,'Mapuca'),
 (22,2692,'Matheran'),
 (22,2693,'Mehkar'),
 (22,2694,'Mhasla'),
 (22,2695,'Mhaswad'),
 (22,2696,'Mira Bhayandar'),
 (22,2697,'Miraj'),
 (22,2698,'Mohpa'),
 (22,2699,'Mohpada'),
 (22,2700,'Moram'),
 (22,2701,'Morshi'),
 (22,2702,'Mowad'),
 (22,2703,'Mudkhed'),
 (22,2704,'Mukhed'),
 (22,2705,'Mul'),
 (22,2706,'Mulshi'),
 (22,2707,'Mumbai'),
 (22,2708,'Murbad'),
 (22,2709,'Murgud'),
 (22,2710,'Murtijapur'),
 (22,2711,'Murud'),
 (22,2712,'Nachane'),
 (22,2713,'Nagardeole'),
 (22,2714,'Nagothane'),
 (22,2715,'Nagpur'),
 (22,2716,'Nakoda'),
 (22,2717,'Nalasopara'),
 (22,2718,'Naldurg'),
 (22,2719,'Nanded'),
 (22,2720,'Nandgaon'),
 (22,2721,'Nandura'),
 (22,2722,'Nandurbar'),
 (22,2723,'Narkhed'),
 (22,2724,'Nashik'),
 (22,2725,'Navapur'),
 (22,2726,'Navi Mumbai'),
 (22,2727,'Navi Mumbai Panvel'),
 (22,2728,'Neral'),
 (22,2729,'Nigdi'),
 (22,2730,'Nilanga'),
 (22,2731,'Nildoh'),
 (22,2732,'Nimbhore'),
 (22,2733,'Ojhar'),
 (22,2734,'Osmanabad'),
 (22,2735,'Pachgaon'),
 (22,2736,'Pachora'),
 (22,2737,'Padagha'),
 (22,2738,'Paithan'),
 (22,2739,'Palghar'),
 (22,2740,'Pali'),
 (22,2741,'Panchgani'),
 (22,2742,'Pandhakarwada'),
 (22,2743,'Pandharpur'),
 (22,2744,'Panhala'),
 (22,2745,'Panvel'),
 (22,2746,'Paranda'),
 (22,2747,'Parbhani'),
 (22,2748,'Parli'),
 (22,2749,'Parola'),
 (22,2750,'Partur'),
 (22,2751,'Pasthal'),
 (22,2752,'Patan'),
 (22,2753,'Pathardi'),
 (22,2754,'Pathri'),
 (22,2755,'Patur'),
 (22,2756,'Pawni'),
 (22,2757,'Pen'),
 (22,2758,'Pethumri'),
 (22,2759,'Phaltan'),
 (22,2760,'Pimpri'),
 (22,2761,'Poladpur'),
 (22,2762,'Pulgaon'),
 (22,2763,'Pune'),
 (22,2764,'Pune Cantonment'),
 (22,2765,'Purna'),
 (22,2766,'Purushottamnagar'),
 (22,2767,'Pusad'),
 (22,2768,'Rahimatpur'),
 (22,2769,'Rahta Pimplas'),
 (22,2770,'Rahuri'),
 (22,2771,'Raigad'),
 (22,2772,'Rajapur'),
 (22,2773,'Rajgurunagar'),
 (22,2774,'Rajur'),
 (22,2775,'Rajura'),
 (22,2776,'Ramtek'),
 (22,2777,'Ratnagiri'),
 (22,2778,'Ravalgaon'),
 (22,2779,'Raver'),
 (22,2780,'Revadanda'),
 (22,2781,'Risod'),
 (22,2782,'Roha Ashtami'),
 (22,2783,'Sakri'),
 (22,2784,'Sandor'),
 (22,2785,'Sangamner'),
 (22,2786,'Sangli'),
 (22,2787,'Sangole'),
 (22,2788,'Sasti'),
 (22,2789,'Sasvad'),
 (22,2790,'Satana'),
 (22,2791,'Satara'),
 (22,2792,'Savantvadi'),
 (22,2793,'Savda'),
 (22,2794,'Savner'),
 (22,2795,'Sawari Jawharnagar'),
 (22,2796,'Selu'),
 (22,2797,'Shahada'),
 (22,2798,'Shahapur'),
 (22,2799,'Shegaon'),
 (22,2800,'Shelar'),
 (22,2801,'Shendurjana'),
 (22,2802,'Shirdi'),
 (22,2803,'Shirgaon'),
 (22,2804,'Shirpur'),
 (22,2805,'Shirur'),
 (22,2806,'Shirwal'),
 (22,2807,'Shivatkar'),
 (22,2808,'Shrigonda'),
 (22,2809,'Shrirampur'),
 (22,2810,'Shrirampur Rural'),
 (22,2811,'Sillewada'),
 (22,2812,'Sillod'),
 (22,2813,'Sindhudurg'),
 (22,2814,'Sindi'),
 (22,2815,'Sindi Turf Hindnagar'),
 (22,2816,'Sindkhed Raja'),
 (22,2817,'Singnapur'),
 (22,2818,'Sinnar'),
 (22,2819,'Sirur'),
 (22,2820,'Sitasawangi'),
 (22,2821,'Solapur'),
 (22,2822,'Sonai'),
 (22,2823,'Sonegaon'),
 (22,2824,'Soyagaon'),
 (22,2825,'Srivardhan'),
 (22,2826,'Surgana'),
 (22,2827,'Talegaon Dabhade'),
 (22,2828,'Taloda'),
 (22,2829,'Taloja'),
 (22,2830,'Talwade'),
 (22,2831,'Tarapur'),
 (22,2832,'Tasgaon'),
 (22,2833,'Tathavade'),
 (22,2834,'Tekadi'),
 (22,2835,'Telhara'),
 (22,2836,'Thane'),
 (22,2837,'Tirira'),
 (22,2838,'Totaladoh'),
 (22,2839,'Trimbak'),
 (22,2840,'Tuljapur'),
 (22,2841,'Tumsar'),
 (22,2842,'Uchgaon'),
 (22,2843,'Udgir'),
 (22,2844,'Ulhasnagar'),
 (22,2845,'Umarga'),
 (22,2846,'Umarkhed'),
 (22,2847,'Umarsara'),
 (22,2848,'Umbar Pada Nandade'),
 (22,2849,'Umred'),
 (22,2850,'Umri Pragane Balapur'),
 (22,2851,'Uran'),
 (22,2852,'Uran Islampur'),
 (22,2853,'Utekhol'),
 (22,2854,'Vada'),
 (22,2855,'Vadgaon'),
 (22,2856,'Vadgaon Kasba'),
 (22,2857,'Vaijapur'),
 (22,2858,'Vanvadi'),
 (22,2859,'Varangaon'),
 (22,2860,'Vasai'),
 (22,2861,'Vasantnagar'),
 (22,2862,'Vashind'),
 (22,2863,'Vengurla'),
 (22,2864,'Virar'),
 (22,2865,'Visapur'),
 (22,2866,'Vite'),
 (22,2867,'Vithalwadi'),
 (22,2868,'Wadi'),
 (22,2869,'Waghapur'),
 (22,2870,'Wai'),
 (22,2871,'Wajegaon'),
 (22,2872,'Walani'),
 (22,2873,'Wanadongri'),
 (22,2874,'Wani'),
 (22,2875,'Wardha'),
 (22,2876,'Warora'),
 (22,2877,'Warthi'),
 (22,2878,'Warud'),
 (22,2879,'Washim'),
 (22,2880,'Yaval'),
 (22,2881,'Yavatmal'),
 (22,2882,'Yeola'),
 (22,2883,'Yerkheda'),
 (23,2884,'Andro'),
 (23,2885,'Bijoy Govinda'),
 (23,2886,'Bishnupur'),
 (23,2887,'Churachandpur'),
 (23,2888,'Heriok'),
 (23,2889,'Imphal'),
 (23,2890,'Jiribam'),
 (23,2891,'Kakching'),
 (23,2892,'Kakching Khunou'),
 (23,2893,'Khongman'),
 (23,2894,'Kumbi'),
 (23,2895,'Kwakta'),
 (23,2896,'Lamai'),
 (23,2897,'Lamjaotongba'),
 (23,2898,'Lamshang'),
 (23,2899,'Lilong'),
 (23,2900,'Mayang Imphal'),
 (23,2901,'Moirang'),
 (23,2902,'Moreh'),
 (23,2903,'Nambol'),
 (23,2904,'Naoriya Pakhanglakpa'),
 (23,2905,'Ningthoukhong'),
 (23,2906,'Oinam'),
 (23,2907,'Porompat'),
 (23,2908,'Samurou'),
 (23,2909,'Sekmai Bazar'),
 (23,2910,'Senapati'),
 (23,2911,'Sikhong Sekmai'),
 (23,2912,'Sugnu'),
 (23,2913,'Thongkhong Laxmi Bazar'),
 (23,2914,'Thoubal'),
 (23,2915,'Torban'),
 (23,2916,'Wangjing'),
 (23,2917,'Wangoi'),
 (23,2918,'Yairipok'),
 (24,2919,'Baghmara'),
 (24,2920,'Cherrapunji'),
 (24,2921,'Jawai'),
 (24,2922,'Madanrting'),
 (24,2923,'Mairang'),
 (24,2924,'Mawlai'),
 (24,2925,'Nongmynsong'),
 (24,2926,'Nongpoh'),
 (24,2927,'Nongstoin'),
 (24,2928,'Nongthymmai'),
 (24,2929,'Pynthorumkhrah'),
 (24,2930,'Resubelpara'),
 (24,2931,'Shillong'),
 (24,2932,'Shillong Cantonment'),
 (24,2933,'Tura'),
 (24,2934,'Williamnagar'),
 (25,2935,'Aizawl'),
 (25,2936,'Bairabi'),
 (25,2937,'Biate'),
 (25,2938,'Champhai'),
 (25,2939,'Darlawn'),
 (25,2940,'Hnahthial'),
 (25,2941,'Kawnpui'),
 (25,2942,'Khawhai'),
 (25,2943,'Khawzawl'),
 (25,2944,'Kolasib'),
 (25,2945,'Lengpui'),
 (25,2946,'Lunglei'),
 (25,2947,'Mamit'),
 (25,2948,'North Vanlaiphai'),
 (25,2949,'Saiha'),
 (25,2950,'Sairang'),
 (25,2951,'Saitul'),
 (25,2952,'Serchhip'),
 (25,2953,'Thenzawl'),
 (25,2954,'Tlabung'),
 (25,2955,'Vairengte'),
 (25,2956,'Zawlnuam'),
 (26,2957,'Chumukedima'),
 (26,2958,'Dimapur'),
 (26,2959,'Kohima'),
 (26,2960,'Mokokchung'),
 (26,2961,'Mon'),
 (26,2962,'Phek'),
 (26,2963,'Tuensang'),
 (26,2964,'Wokha'),
 (26,2965,'Zunheboto'),
 (29,2966,'Anandapur'),
 (29,2967,'Angul'),
 (29,2968,'Aska'),
 (29,2969,'Athgarh'),
 (29,2970,'Athmallik'),
 (29,2971,'Balagoda'),
 (29,2972,'Balangir'),
 (29,2973,'Balasore'),
 (29,2974,'Baleshwar'),
 (29,2975,'Balimeta'),
 (29,2976,'Balugaon'),
 (29,2977,'Banapur'),
 (29,2978,'Bangura'),
 (29,2979,'Banki'),
 (29,2980,'Banposh'),
 (29,2981,'Barbil'),
 (29,2982,'Bargarh'),
 (29,2983,'Baripada'),
 (29,2984,'Barpali'),
 (29,2985,'Basudebpur'),
 (29,2986,'Baudh'),
 (29,2987,'Belagachhia'),
 (29,2988,'Belaguntha'),
 (29,2989,'Belpahar'),
 (29,2990,'Berhampur'),
 (29,2991,'Bhadrak'),
 (29,2992,'Bhanjanagar'),
 (29,2993,'Bhawanipatna'),
 (29,2994,'Bhuban'),
 (29,2995,'Bhubaneswar'),
 (29,2996,'Binika'),
 (29,2997,'Birmitrapur'),
 (29,2998,'Bishama Katek'),
 (29,2999,'Bolangir'),
 (29,3000,'Brahmapur'),
 (29,3001,'Brajrajnagar'),
 (29,3002,'Buguda'),
 (29,3003,'Burla'),
 (29,3004,'Byasanagar'),
 (29,3005,'Champua'),
 (29,3006,'Chandapur'),
 (29,3007,'Chandbali'),
 (29,3008,'Chandili'),
 (29,3009,'Charibatia'),
 (29,3010,'Chatrapur'),
 (29,3011,'Chikitigarh'),
 (29,3012,'Chitrakonda'),
 (29,3013,'Choudwar'),
 (29,3014,'Cuttack'),
 (29,3015,'Dadhapatna'),
 (29,3016,'Daitari'),
 (29,3017,'Damanjodi'),
 (29,3018,'Deogarh'),
 (29,3019,'Deracolliery'),
 (29,3020,'Dhamanagar'),
 (29,3021,'Dhenkanal'),
 (29,3022,'Digapahandi'),
 (29,3023,'Dungamal'),
 (29,3024,'Fertilizer Corporation of Indi'),
 (29,3025,'Ganjam'),
 (29,3026,'Ghantapada'),
 (29,3027,'Gopalpur'),
 (29,3028,'Gudari'),
 (29,3029,'Gunupur'),
 (29,3030,'Hatibandha'),
 (29,3031,'Hinjilikatu'),
 (29,3032,'Hirakud'),
 (29,3033,'Jagatsinghapur'),
 (29,3034,'Jajpur'),
 (29,3035,'Jalda'),
 (29,3036,'Jaleswar'),
 (29,3037,'Jatni'),
 (29,3038,'Jaypur'),
 (29,3039,'Jeypore'),
 (29,3040,'Jharsuguda'),
 (29,3041,'Jhumpura'),
 (29,3042,'Joda'),
 (29,3043,'Junagarh'),
 (29,3044,'Kamakhyanagar'),
 (29,3045,'Kantabanji'),
 (29,3046,'Kantilo'),
 (29,3047,'Karanja'),
 (29,3048,'Kashinagara'),
 (29,3049,'Kataka'),
 (29,3050,'Kavisuryanagar'),
 (29,3051,'Kendrapara'),
 (29,3052,'Kendujhar'),
 (29,3053,'Keonjhar'),
 (29,3054,'Kesinga'),
 (29,3055,'Khaliapali'),
 (29,3056,'Khalikote'),
 (29,3057,'Khandaparha'),
 (29,3058,'Kharhial'),
 (29,3059,'Kharhial Road'),
 (29,3060,'Khatiguda'),
 (29,3061,'Khurda'),
 (29,3062,'Kochinda'),
 (29,3063,'Kodala'),
 (29,3064,'Konark'),
 (29,3065,'Koraput'),
 (29,3066,'Kotaparh'),
 (29,3067,'Lanjigarh'),
 (29,3068,'Lattikata'),
 (29,3069,'Makundapur'),
 (29,3070,'Malkangiri'),
 (29,3071,'Mukhiguda'),
 (29,3072,'Nabarangpur'),
 (29,3073,'Nalco'),
 (29,3074,'Naurangapur'),
 (29,3075,'Nayagarh'),
 (29,3076,'Nilagiri'),
 (29,3077,'Nimaparha'),
 (29,3078,'Nuapada'),
 (29,3079,'Nuapatna'),
 (29,3080,'OCL Industrialship'),
 (29,3081,'Padampur'),
 (29,3082,'Paradip'),
 (29,3083,'Paradwip'),
 (29,3084,'Parlakimidi'),
 (29,3085,'Patamundai'),
 (29,3086,'Patnagarh'),
 (29,3087,'Phulabani'),
 (29,3088,'Pipili'),
 (29,3089,'Polasara'),
 (29,3090,'Pratapsasan'),
 (29,3091,'Puri'),
 (29,3092,'Purushottampur'),
 (29,3093,'Rairangpur'),
 (29,3094,'Raj Gangpur'),
 (29,3095,'Rambha'),
 (29,3096,'Raurkela'),
 (29,3097,'Raurkela Civil Township'),
 (29,3098,'Rayagada'),
 (29,3099,'Redhakhol'),
 (29,3100,'Remuna'),
 (29,3101,'Rengali'),
 (29,3102,'Rourkela'),
 (29,3103,'Sambalpur'),
 (29,3104,'Sinapali'),
 (29,3105,'Sonepur'),
 (29,3106,'Sorada'),
 (29,3107,'Soro'),
 (29,3108,'Sunabeda'),
 (29,3109,'Sundargarh'),
 (29,3110,'Talcher'),
 (29,3111,'Talcher Thermal Power Station '),
 (29,3112,'Tarabha'),
 (29,3113,'Tensa'),
 (29,3114,'Titlagarh'),
 (29,3115,'Udala'),
 (29,3116,'Udayagiri'),
 (29,3117,'Umarkot'),
 (29,3118,'Vikrampur'),
 (31,3119,'Ariankuppam'),
 (31,3120,'Karaikal'),
 (31,3121,'Kurumbapet'),
 (31,3122,'Mahe'),
 (31,3123,'Ozhukarai'),
 (31,3124,'Pondicherry'),
 (31,3125,'Villianur'),
 (31,3126,'Yanam'),
 (32,3127,'Abohar'),
 (32,3128,'Adampur'),
 (32,3129,'Ahmedgarh'),
 (32,3130,'Ajnala'),
 (32,3131,'Akalgarh'),
 (32,3132,'Alawalpur'),
 (32,3133,'Amloh'),
 (32,3134,'Amritsar'),
 (32,3135,'Amritsar Cantonment'),
 (32,3136,'Anandpur Sahib'),
 (32,3137,'Badhni Kalan'),
 (32,3138,'Bagh Purana'),
 (32,3139,'Balachaur'),
 (32,3140,'Banaur'),
 (32,3141,'Banga'),
 (32,3142,'Banur'),
 (32,3143,'Baretta'),
 (32,3144,'Bariwala'),
 (32,3145,'Barnala'),
 (32,3146,'Bassi Pathana'),
 (32,3147,'Batala'),
 (32,3148,'Bathinda'),
 (32,3149,'Begowal'),
 (32,3150,'Behrampur'),
 (32,3151,'Bhabat'),
 (32,3152,'Bhadur'),
 (32,3153,'Bhankharpur'),
 (32,3154,'Bharoli Kalan'),
 (32,3155,'Bhawanigarh'),
 (32,3156,'Bhikhi'),
 (32,3157,'Bhikhiwind'),
 (32,3158,'Bhisiana'),
 (32,3159,'Bhogpur'),
 (32,3160,'Bhuch'),
 (32,3161,'Bhulath'),
 (32,3162,'Budha Theh'),
 (32,3163,'Budhlada'),
 (32,3164,'Chima'),
 (32,3165,'Chohal'),
 (32,3166,'Dasuya'),
 (32,3167,'Daulatpur'),
 (32,3168,'Dera Baba Nanak'),
 (32,3169,'Dera Bassi'),
 (32,3170,'Dhanaula'),
 (32,3171,'Dharam Kot'),
 (32,3172,'Dhariwal'),
 (32,3173,'Dhilwan'),
 (32,3174,'Dhuri'),
 (32,3175,'Dinanagar'),
 (32,3176,'Dirba'),
 (32,3177,'Doraha'),
 (32,3178,'Faridkot'),
 (32,3179,'Fateh Nangal'),
 (32,3180,'Fatehgarh Churian'),
 (32,3181,'Fatehgarh Sahib'),
 (32,3182,'Fazilka'),
 (32,3183,'Firozpur'),
 (32,3184,'Firozpur Cantonment'),
 (32,3185,'Gardhiwala'),
 (32,3186,'Garhshankar'),
 (32,3187,'Ghagga'),
 (32,3188,'Ghanaur'),
 (32,3189,'Giddarbaha'),
 (32,3190,'Gobindgarh'),
 (32,3191,'Goniana'),
 (32,3192,'Goraya'),
 (32,3193,'Gurdaspur'),
 (32,3194,'Guru Har Sahai'),
 (32,3195,'Hajipur'),
 (32,3196,'Handiaya'),
 (32,3197,'Hariana'),
 (32,3198,'Hoshiarpur'),
 (32,3199,'Hussainpur'),
 (32,3200,'Jagraon'),
 (32,3201,'Jaitu'),
 (32,3202,'Jalalabad'),
 (32,3203,'Jalandhar'),
 (32,3204,'Jalandhar Cantonment'),
 (32,3205,'Jandiala'),
 (32,3206,'Jugial'),
 (32,3207,'Kalanaur'),
 (32,3208,'Kapurthala'),
 (32,3209,'Karoran'),
 (32,3210,'Kartarpur'),
 (32,3211,'Khamanon'),
 (32,3212,'Khanauri'),
 (32,3213,'Khanna'),
 (32,3214,'Kharar'),
 (32,3215,'Khem Karan'),
 (32,3216,'Kot Fatta'),
 (32,3217,'Kot Isa Khan'),
 (32,3218,'Kot Kapura'),
 (32,3219,'Kotkapura'),
 (32,3220,'Kurali'),
 (32,3221,'Lalru'),
 (32,3222,'Lehra Gaga'),
 (32,3223,'Lodhian Khas'),
 (32,3224,'Longowal'),
 (32,3225,'Ludhiana'),
 (32,3226,'Machhiwara'),
 (32,3227,'Mahilpur'),
 (32,3228,'Majitha'),
 (32,3229,'Makhu'),
 (32,3230,'Malaut'),
 (32,3231,'Malerkotla'),
 (32,3232,'Maloud'),
 (32,3233,'Mandi Gobindgarh'),
 (32,3234,'Mansa'),
 (32,3235,'Maur'),
 (32,3236,'Moga'),
 (32,3237,'Mohali'),
 (32,3238,'Moonak'),
 (32,3239,'Morinda'),
 (32,3240,'Mukerian'),
 (32,3241,'Muktsar'),
 (32,3242,'Mullanpur Dakha'),
 (32,3243,'Mullanpur Garibdas'),
 (32,3244,'Munak'),
 (32,3245,'Muradpura'),
 (32,3246,'Nabha'),
 (32,3247,'Nakodar'),
 (32,3248,'Nangal'),
 (32,3249,'Nawashahr'),
 (32,3250,'Naya Nangal'),
 (32,3251,'Nehon'),
 (32,3252,'Nurmahal'),
 (32,3253,'Pathankot'),
 (32,3254,'Patiala'),
 (32,3255,'Patti'),
 (32,3256,'Pattran'),
 (32,3257,'Payal'),
 (32,3258,'Phagwara'),
 (32,3259,'Phillaur'),
 (32,3260,'Qadian'),
 (32,3261,'Rahon'),
 (32,3262,'Raikot'),
 (32,3263,'Raja Sansi'),
 (32,3264,'Rajpura'),
 (32,3265,'Ram Das'),
 (32,3266,'Raman'),
 (32,3267,'Rampura'),
 (32,3268,'Rayya'),
 (32,3269,'Rupnagar'),
 (32,3270,'Rurki Kasba'),
 (32,3271,'Sahnewal'),
 (32,3272,'Samana'),
 (32,3273,'Samrala'),
 (32,3274,'Sanaur'),
 (32,3275,'Sangat'),
 (32,3276,'Sangrur'),
 (32,3277,'Sansarpur'),
 (32,3278,'Sardulgarh'),
 (32,3279,'Shahkot'),
 (32,3280,'Sham Churasi'),
 (32,3281,'Shekhpura'),
 (32,3282,'Sirhind'),
 (32,3283,'Sri Hargobindpur'),
 (32,3284,'Sujanpur'),
 (32,3285,'Sultanpur Lodhi'),
 (32,3286,'Sunam'),
 (32,3287,'Talwandi Bhai'),
 (32,3288,'Talwara'),
 (32,3289,'Tappa'),
 (32,3290,'Tarn Taran'),
 (32,3291,'Urmar Tanda'),
 (32,3292,'Zira'),
 (32,3293,'Zirakpur'),
 (33,3294,'Abu Road'),
 (33,3295,'Ajmer'),
 (33,3296,'Aklera'),
 (33,3297,'Alwar'),
 (33,3298,'Amet'),
 (33,3299,'Antah'),
 (33,3300,'Anupgarh'),
 (33,3301,'Asind'),
 (33,3302,'Bagar'),
 (33,3303,'Bagru'),
 (33,3304,'Bahror'),
 (33,3305,'Bakani'),
 (33,3306,'Bali'),
 (33,3307,'Balotra'),
 (33,3308,'Bandikui'),
 (33,3309,'Banswara'),
 (33,3310,'Baran'),
 (33,3311,'Bari'),
 (33,3312,'Bari Sadri'),
 (33,3313,'Barmer'),
 (33,3314,'Basi'),
 (33,3315,'Basni Belima'),
 (33,3316,'Baswa'),
 (33,3317,'Bayana'),
 (33,3318,'Beawar'),
 (33,3319,'Begun'),
 (33,3320,'Bhadasar'),
 (33,3321,'Bhadra'),
 (33,3322,'Bhalariya'),
 (33,3323,'Bharatpur'),
 (33,3324,'Bhasawar'),
 (33,3325,'Bhawani Mandi'),
 (33,3326,'Bhawri'),
 (33,3327,'Bhilwara'),
 (33,3328,'Bhindar'),
 (33,3329,'Bhinmal'),
 (33,3330,'Bhiwadi'),
 (33,3331,'Bijoliya Kalan'),
 (33,3332,'Bikaner'),
 (33,3333,'Bilara'),
 (33,3334,'Bissau'),
 (33,3335,'Borkhera'),
 (33,3336,'Budhpura'),
 (33,3337,'Bundi'),
 (33,3338,'Chatsu'),
 (33,3339,'Chechat'),
 (33,3340,'Chhabra'),
 (33,3341,'Chhapar'),
 (33,3342,'Chhipa Barod'),
 (33,3343,'Chhoti Sadri'),
 (33,3344,'Chirawa'),
 (33,3345,'Chittaurgarh'),
 (33,3346,'Chittorgarh'),
 (33,3347,'Chomun'),
 (33,3348,'Churu'),
 (33,3349,'Daosa'),
 (33,3350,'Dariba'),
 (33,3351,'Dausa'),
 (33,3352,'Deoli'),
 (33,3353,'Deshnok'),
 (33,3354,'Devgarh'),
 (33,3355,'Devli'),
 (33,3356,'Dhariawad'),
 (33,3357,'Dhaulpur'),
 (33,3358,'Dholpur'),
 (33,3359,'Didwana'),
 (33,3360,'Dig'),
 (33,3361,'Dungargarh'),
 (33,3362,'Dungarpur'),
 (33,3363,'Falna'),
 (33,3364,'Fatehnagar'),
 (33,3365,'Fatehpur'),
 (33,3366,'Gajsinghpur'),
 (33,3367,'Galiakot'),
 (33,3368,'Ganganagar'),
 (33,3369,'Gangapur'),
 (33,3370,'Goredi Chancha'),
 (33,3371,'Gothra'),
 (33,3372,'Govindgarh'),
 (33,3373,'Gulabpura'),
 (33,3374,'Hanumangarh'),
 (33,3375,'Hindaun'),
 (33,3376,'Indragarh'),
 (33,3377,'Jahazpur'),
 (33,3378,'Jaipur'),
 (33,3379,'Jaisalmer'),
 (33,3380,'Jaiselmer'),
 (33,3381,'Jaitaran'),
 (33,3382,'Jalore'),
 (33,3383,'Jhalawar'),
 (33,3384,'Jhalrapatan'),
 (33,3385,'Jhunjhunun'),
 (33,3386,'Jobner'),
 (33,3387,'Jodhpur'),
 (33,3388,'Kaithun'),
 (33,3389,'Kaman'),
 (33,3390,'Kankroli'),
 (33,3391,'Kanor'),
 (33,3392,'Kapasan'),
 (33,3393,'Kaprain'),
 (33,3394,'Karanpura'),
 (33,3395,'Karauli'),
 (33,3396,'Kekri'),
 (33,3397,'Keshorai Patan'),
 (33,3398,'Kesrisinghpur'),
 (33,3399,'Khairthal'),
 (33,3400,'Khandela'),
 (33,3401,'Khanpur'),
 (33,3402,'Kherli'),
 (33,3403,'Kherliganj'),
 (33,3404,'Kherwara Chhaoni'),
 (33,3405,'Khetri'),
 (33,3406,'Kiranipura'),
 (33,3407,'Kishangarh'),
 (33,3408,'Kishangarh Ranwal'),
 (33,3409,'Kolvi Rajendrapura'),
 (33,3410,'Kot Putli'),
 (33,3411,'Kota'),
 (33,3412,'Kuchaman'),
 (33,3413,'Kuchera'),
 (33,3414,'Kumbhalgarh'),
 (33,3415,'Kumbhkot'),
 (33,3416,'Kumher'),
 (33,3417,'Kushalgarh'),
 (33,3418,'Lachhmangarh'),
 (33,3419,'Ladnun'),
 (33,3420,'Lakheri'),
 (33,3421,'Lalsot'),
 (33,3422,'Losal'),
 (33,3423,'Madanganj'),
 (33,3424,'Mahu Kalan'),
 (33,3425,'Mahwa'),
 (33,3426,'Makrana'),
 (33,3427,'Malpura'),
 (33,3428,'Mandal'),
 (33,3429,'Mandalgarh'),
 (33,3430,'Mandawar'),
 (33,3431,'Mandwa'),
 (33,3432,'Mangrol'),
 (33,3433,'Manohar Thana'),
 (33,3434,'Manoharpur'),
 (33,3435,'Marwar'),
 (33,3436,'Merta'),
 (33,3437,'Modak'),
 (33,3438,'Mount Abu'),
 (33,3439,'Mukandgarh'),
 (33,3440,'Mundwa'),
 (33,3441,'Nadbai'),
 (33,3442,'Naenwa'),
 (33,3443,'Nagar'),
 (33,3444,'Nagaur'),
 (33,3445,'Napasar'),
 (33,3446,'Naraina'),
 (33,3447,'Nasirabad'),
 (33,3448,'Nathdwara'),
 (33,3449,'Nawa'),
 (33,3450,'Nawalgarh'),
 (33,3451,'Neem Ka Thana'),
 (33,3452,'Neemrana'),
 (33,3453,'Newa Talai'),
 (33,3454,'Nimaj'),
 (33,3455,'Nimbahera'),
 (33,3456,'Niwai'),
 (33,3457,'Nohar'),
 (33,3458,'Nokha'),
 (33,3459,'One SGM'),
 (33,3460,'Padampur'),
 (33,3461,'Pali'),
 (33,3462,'Partapur'),
 (33,3463,'Parvatsar'),
 (33,3464,'Pasoond'),
 (33,3465,'Phalna'),
 (33,3466,'Phalodi'),
 (33,3467,'Phulera'),
 (33,3468,'Pilani'),
 (33,3469,'Pilibanga'),
 (33,3470,'Pindwara'),
 (33,3471,'Pipalia Kalan'),
 (33,3472,'Pipar'),
 (33,3473,'Pirawa'),
 (33,3474,'Pokaran'),
 (33,3475,'Pratapgarh'),
 (33,3476,'Pushkar'),
 (33,3477,'Raipur'),
 (33,3478,'Raisinghnagar'),
 (33,3479,'Rajakhera'),
 (33,3480,'Rajaldesar'),
 (33,3481,'Rajgarh'),
 (33,3482,'Rajsamand'),
 (33,3483,'Ramganj Mandi'),
 (33,3484,'Ramgarh'),
 (33,3485,'Rani'),
 (33,3486,'Raniwara'),
 (33,3487,'Ratan Nagar'),
 (33,3488,'Ratangarh'),
 (33,3489,'Rawatbhata'),
 (33,3490,'Rawatsar'),
 (33,3491,'Rikhabdev'),
 (33,3492,'Ringas'),
 (33,3493,'Sadri'),
 (33,3494,'Sadulshahar'),
 (33,3495,'Sagwara'),
 (33,3496,'Salumbar'),
 (33,3497,'Sambhar'),
 (33,3498,'Samdari'),
 (33,3499,'Sanchor'),
 (33,3500,'Sangariya'),
 (33,3501,'Sangod'),
 (33,3502,'Sardarshahr'),
 (33,3503,'Sarwar'),
 (33,3504,'Satal Kheri'),
 (33,3505,'Sawai Madhopur'),
 (33,3506,'Sewan Kalan'),
 (33,3507,'Shahpura'),
 (33,3508,'Sheoganj'),
 (33,3509,'Sikar'),
 (33,3510,'Sirohi'),
 (33,3511,'Siwana'),
 (33,3512,'Sogariya'),
 (33,3513,'Sojat'),
 (33,3514,'Sojat Road'),
 (33,3515,'Sri Madhopur'),
 (33,3516,'Sriganganagar'),
 (33,3517,'Sujangarh'),
 (33,3518,'Suket'),
 (33,3519,'Sumerpur'),
 (33,3520,'Sunel'),
 (33,3521,'Surajgarh'),
 (33,3522,'Suratgarh'),
 (33,3523,'Swaroopganj'),
 (33,3524,'Takhatgarh'),
 (33,3525,'Taranagar'),
 (33,3526,'Three STR'),
 (33,3527,'Tijara'),
 (33,3528,'Toda Bhim'),
 (33,3529,'Toda Raisingh'),
 (33,3530,'Todra'),
 (33,3531,'Tonk'),
 (33,3532,'Udaipur'),
 (33,3533,'Udpura'),
 (33,3534,'Uniara'),
 (33,3535,'Vanasthali'),
 (33,3536,'Vidyavihar'),
 (33,3537,'Vijainagar'),
 (33,3538,'Viratnagar'),
 (33,3539,'Wer'),
 (38,4531,'Achhalda'),
 (38,4532,'Achhnera'),
 (38,4533,'Adari'),
 (38,4534,'Afzalgarh'),
 (38,4535,'Agarwal Mandi'),
 (38,4536,'Agra'),
 (38,4537,'Agra Cantonment'),
 (38,4538,'Ahraura'),
 (38,4539,'Ailum'),
 (38,4540,'Air Force Area'),
 (38,4541,'Ajhuwa'),
 (38,4542,'Akbarpur'),
 (38,4543,'Alapur'),
 (38,4544,'Aliganj'),
 (38,4545,'Aligarh'),
 (38,4546,'Allahabad'),
 (38,4547,'Allahabad Cantonment'),
 (38,4548,'Allahganj'),
 (38,4549,'Amanpur'),
 (38,4550,'Ambahta'),
 (38,4551,'Amethi'),
 (38,4552,'Amila'),
 (38,4553,'Amilo'),
 (38,4554,'Aminagar Sarai'),
 (38,4555,'Aminagar Urf Bhurbaral'),
 (38,4556,'Amraudha'),
 (38,4557,'Amroha'),
 (38,4558,'Anandnagar'),
 (38,4559,'Anpara'),
 (38,4560,'Antu'),
 (38,4561,'Anupshahr'),
 (38,4562,'Aonla'),
 (38,4563,'Armapur Estate'),
 (38,4564,'Ashokpuram'),
 (38,4565,'Ashrafpur Kichhauchha'),
 (38,4566,'Atarra'),
 (38,4567,'Atasu'),
 (38,4568,'Atrauli'),
 (38,4569,'Atraulia'),
 (38,4570,'Auraiya'),
 (38,4571,'Aurangabad'),
 (38,4572,'Aurangabad Bangar'),
 (38,4573,'Auras'),
 (38,4574,'Awagarh'),
 (38,4575,'Ayodhya'),
 (38,4576,'Azamgarh'),
 (38,4577,'Azizpur'),
 (38,4578,'Azmatgarh'),
 (38,4579,'Babarpur Ajitmal'),
 (38,4580,'Baberu'),
 (38,4581,'Babina'),
 (38,4582,'Babrala'),
 (38,4583,'Babugarh'),
 (38,4584,'Bachhiowan'),
 (38,4585,'Bachhraon'),
 (38,4586,'Bad'),
 (38,4587,'Badaun'),
 (38,4588,'Baghpat'),
 (38,4589,'Bah'),
 (38,4590,'Bahadurganj'),
 (38,4591,'Baheri'),
 (38,4592,'Bahjoi'),
 (38,4593,'Bahraich'),
 (38,4594,'Bahsuma'),
 (38,4595,'Bahua'),
 (38,4596,'Bajna'),
 (38,4597,'Bakewar'),
 (38,4598,'Bakiabad'),
 (38,4599,'Baldeo'),
 (38,4600,'Ballia'),
 (38,4601,'Balrampur'),
 (38,4602,'Banat'),
 (38,4603,'Banda'),
 (38,4604,'Bangarmau'),
 (38,4605,'Banki'),
 (38,4606,'Bansdih'),
 (38,4607,'Bansgaon'),
 (38,4608,'Bansi'),
 (38,4609,'Barabanki'),
 (38,4610,'Baragaon'),
 (38,4611,'Baraut'),
 (38,4612,'Bareilly'),
 (38,4613,'Bareilly Cantonment'),
 (38,4614,'Barhalganj'),
 (38,4615,'Barhani'),
 (38,4616,'Barhapur'),
 (38,4617,'Barkhera'),
 (38,4618,'Barsana'),
 (38,4619,'Barva Sagar'),
 (38,4620,'Barwar'),
 (38,4621,'Basti'),
 (38,4622,'Begumabad Budhana'),
 (38,4623,'Behat'),
 (38,4624,'Behta Hajipur'),
 (38,4625,'Bela'),
 (38,4626,'Belthara'),
 (38,4627,'Beniganj'),
 (38,4628,'Beswan'),
 (38,4629,'Bewar'),
 (38,4630,'Bhadarsa'),
 (38,4631,'Bhadohi'),
 (38,4632,'Bhagwantnagar'),
 (38,4633,'Bharatganj'),
 (38,4634,'Bhargain'),
 (38,4635,'Bharthana'),
 (38,4636,'Bharuhana'),
 (38,4637,'Bharwari'),
 (38,4638,'Bhatni Bazar'),
 (38,4639,'Bhatpar Rani'),
 (38,4640,'Bhawan Bahadurnagar'),
 (38,4641,'Bhinga'),
 (38,4642,'Bhojpur Dharampur'),
 (38,4643,'Bhokarhedi'),
 (38,4644,'Bhongaon'),
 (38,4645,'Bhulepur'),
 (38,4646,'Bidhuna'),
 (38,4647,'Bighapur'),
 (38,4648,'Bijnor'),
 (38,4649,'Bijpur'),
 (38,4650,'Bikapur'),
 (38,4651,'Bilari'),
 (38,4652,'Bilaspur'),
 (38,4653,'Bilgram'),
 (38,4654,'Bilhaur'),
 (38,4655,'Bilram'),
 (38,4656,'Bilrayaganj'),
 (38,4657,'Bilsanda'),
 (38,4658,'Bilsi'),
 (38,4659,'Bindki'),
 (38,4660,'Bisalpur'),
 (38,4661,'Bisanda Buzurg'),
 (38,4662,'Bisauli'),
 (38,4663,'Bisharatganj'),
 (38,4664,'Bisokhar'),
 (38,4665,'Biswan'),
 (38,4666,'Bithur'),
 (38,4667,'Budaun'),
 (38,4668,'Bugrasi'),
 (38,4669,'Bulandshahar'),
 (38,4670,'Burhana'),
 (38,4671,'Chail'),
 (38,4672,'Chak Imam Ali'),
 (38,4673,'Chakeri'),
 (38,4674,'Chakia'),
 (38,4675,'Chandauli'),
 (38,4676,'Chandausi'),
 (38,4677,'Chandpur'),
 (38,4678,'Charkhari'),
 (38,4679,'Charthawal'),
 (38,4680,'Chaumuhan'),
 (38,4681,'Chhaprauli'),
 (38,4682,'Chhara Rafatpur'),
 (38,4683,'Chharprauli'),
 (38,4684,'Chhata'),
 (38,4685,'Chhatari'),
 (38,4686,'Chhibramau'),
 (38,4687,'Chhutmalpur'),
 (38,4688,'Chilkana Sultanpur'),
 (38,4689,'Chirgaon'),
 (38,4690,'Chit Baragaon'),
 (38,4691,'Chitrakut Dham'),
 (38,4692,'Chopan'),
 (38,4693,'Choubepur Kalan'),
 (38,4694,'Chunar'),
 (38,4695,'Churk Ghurma'),
 (38,4696,'Colonelganj'),
 (38,4697,'Dadri'),
 (38,4698,'Dalmau'),
 (38,4699,'Dankaur'),
 (38,4700,'Dariyabad'),
 (38,4701,'Dasna'),
 (38,4702,'Dataganj'),
 (38,4703,'Daurala'),
 (38,4704,'Dayal Bagh'),
 (38,4705,'Deoband'),
 (38,4706,'Deoranian'),
 (38,4707,'Deoria'),
 (38,4708,'Dewa'),
 (38,4709,'Dhampur'),
 (38,4710,'Dhanauha'),
 (38,4711,'Dhanauli'),
 (38,4712,'Dhanaura'),
 (38,4713,'Dharoti Khurd'),
 (38,4714,'Dhauratanda'),
 (38,4715,'Dhaurhra'),
 (38,4716,'Dibai'),
 (38,4717,'Dibiyapur'),
 (38,4718,'Dildarnagar Fatehpur'),
 (38,4719,'Do Ghat'),
 (38,4720,'Dohrighat'),
 (38,4721,'Dostpur'),
 (38,4722,'Dudhinagar'),
 (38,4723,'Dulhipur'),
 (38,4724,'Dundwaraganj'),
 (38,4725,'Ekdil'),
 (38,4726,'Erich'),
 (38,4727,'Etah'),
 (38,4728,'Etawah'),
 (38,4729,'Faizabad'),
 (38,4730,'Faizabad Cantonment'),
 (38,4731,'Faizganj'),
 (38,4732,'Farah'),
 (38,4733,'Faridnagar'),
 (38,4734,'Faridpur'),
 (38,4735,'Faridpur Cantonment'),
 (38,4736,'Fariha'),
 (38,4737,'Farrukhabad'),
 (38,4738,'Fatehabad'),
 (38,4739,'Fatehganj Pashchimi'),
 (38,4740,'Fatehganj Purvi'),
 (38,4741,'Fatehgarh'),
 (38,4742,'Fatehpur'),
 (38,4743,'Fatehpur Chaurasi'),
 (38,4744,'Fatehpur Sikri'),
 (38,4745,'Firozabad'),
 (38,4746,'Gajraula'),
 (38,4747,'Ganga Ghat'),
 (38,4748,'Gangapur'),
 (38,4749,'Gangoh'),
 (38,4750,'Ganj Muradabad'),
 (38,4751,'Garautha'),
 (38,4752,'Garhi Pukhta'),
 (38,4753,'Garhmukteshwar'),
 (38,4754,'Gaura Barahaj'),
 (38,4755,'Gauri Bazar'),
 (38,4756,'Gausganj'),
 (38,4757,'Gawan'),
 (38,4758,'Ghatampur'),
 (38,4759,'Ghaziabad'),
 (38,4760,'Ghazipur'),
 (38,4761,'Ghiror'),
 (38,4762,'Ghorawal'),
 (38,4763,'Ghosi'),
 (38,4764,'Ghosia Bazar'),
 (38,4765,'Ghughuli'),
 (38,4766,'Gohand'),
 (38,4767,'Gokul'),
 (38,4768,'Gola Bazar'),
 (38,4769,'Gola Gokarannath'),
 (38,4770,'Gonda'),
 (38,4771,'Gopamau'),
 (38,4772,'Gopiganj'),
 (38,4773,'Gorakhpur'),
 (38,4774,'Gosainganj'),
 (38,4775,'Govardhan'),
 (38,4776,'Greater Noida'),
 (38,4777,'Gulaothi'),
 (38,4778,'Gulariya'),
 (38,4779,'Gulariya Bhindara'),
 (38,4780,'Gunnaur'),
 (38,4781,'Gursahaiganj'),
 (38,4782,'Gursarai'),
 (38,4783,'Gyanpur'),
 (38,4784,'Hafizpur'),
 (38,4785,'Haidergarh'),
 (38,4786,'Haldaur'),
 (38,4787,'Hamirpur'),
 (38,4788,'Handia'),
 (38,4789,'Hapur'),
 (38,4790,'Hardoi'),
 (38,4791,'Harduaganj'),
 (38,4792,'Hargaon'),
 (38,4793,'Hariharpur'),
 (38,4794,'Harraiya'),
 (38,4795,'Hasanpur'),
 (38,4796,'Hasayan'),
 (38,4797,'Hastinapur'),
 (38,4798,'Hata'),
 (38,4799,'Hathras'),
 (38,4800,'Hyderabad'),
 (38,4801,'Ibrahimpur'),
 (38,4802,'Iglas'),
 (38,4803,'Ikauna'),
 (38,4804,'Iltifatganj Bazar'),
 (38,4805,'Indian Telephone Industry Mank'),
 (38,4806,'Islamnagar'),
 (38,4807,'Itaunja'),
 (38,4808,'Itimadpur'),
 (38,4809,'Jagner'),
 (38,4810,'Jahanabad'),
 (38,4811,'Jahangirabad'),
 (38,4812,'Jahangirpur'),
 (38,4813,'Jais'),
 (38,4814,'Jaithara'),
 (38,4815,'Jalalabad'),
 (38,4816,'Jalali'),
 (38,4817,'Jalalpur'),
 (38,4818,'Jalaun'),
 (38,4819,'Jalesar'),
 (38,4820,'Jamshila'),
 (38,4821,'Jangipur'),
 (38,4822,'Jansath'),
 (38,4823,'Jarwal'),
 (38,4824,'Jasrana'),
 (38,4825,'Jaswantnagar'),
 (38,4826,'Jatari'),
 (38,4827,'Jaunpur'),
 (38,4828,'Jewar'),
 (38,4829,'Jhalu'),
 (38,4830,'Jhansi'),
 (38,4831,'Jhansi Cantonment'),
 (38,4832,'Jhansi Railway Settlement'),
 (38,4833,'Jhinjhak'),
 (38,4834,'Jhinjhana'),
 (38,4835,'Jhusi'),
 (38,4836,'Jhusi Kohna'),
 (38,4837,'Jiyanpur'),
 (38,4838,'Joya'),
 (38,4839,'Jyoti Khuria'),
 (38,4840,'Jyotiba Phule Nagar'),
 (38,4841,'Kabrai'),
 (38,4842,'Kachhauna Patseni'),
 (38,4843,'Kachhla'),
 (38,4844,'Kachhwa'),
 (38,4845,'Kadaura'),
 (38,4846,'Kadipur'),
 (38,4847,'Kailashpur'),
 (38,4848,'Kaimganj'),
 (38,4849,'Kairana'),
 (38,4850,'Kakgaina'),
 (38,4851,'Kakod'),
 (38,4852,'Kakori'),
 (38,4853,'Kakrala'),
 (38,4854,'Kalinagar'),
 (38,4855,'Kalpi'),
 (38,4856,'Kamalganj'),
 (38,4857,'Kampil'),
 (38,4858,'Kandhla'),
 (38,4859,'Kandwa'),
 (38,4860,'Kannauj'),
 (38,4861,'Kanpur'),
 (38,4862,'Kant'),
 (38,4863,'Kanth'),
 (38,4864,'Kaptanganj'),
 (38,4865,'Karaon'),
 (38,4866,'Karari'),
 (38,4867,'Karhal'),
 (38,4868,'Karnawal'),
 (38,4869,'Kasganj'),
 (38,4870,'Katariya'),
 (38,4871,'Katghar Lalganj'),
 (38,4872,'Kathera'),
 (38,4873,'Katra'),
 (38,4874,'Katra Medniganj'),
 (38,4875,'Kauriaganj'),
 (38,4876,'Kemri'),
 (38,4877,'Kerakat'),
 (38,4878,'Khadda'),
 (38,4879,'Khaga'),
 (38,4880,'Khailar'),
 (38,4881,'Khair'),
 (38,4882,'Khairabad'),
 (38,4883,'Khairagarh'),
 (38,4884,'Khalilabad'),
 (38,4885,'Khamaria'),
 (38,4886,'Khanpur'),
 (38,4887,'Kharela'),
 (38,4888,'Khargupur'),
 (38,4889,'Khariya'),
 (38,4890,'Kharkhoda'),
 (38,4891,'Khatauli'),
 (38,4892,'Khatauli Rural'),
 (38,4893,'Khekra'),
 (38,4894,'Kheri'),
 (38,4895,'Kheta Sarai'),
 (38,4896,'Khudaganj'),
 (38,4897,'Khurja'),
 (38,4898,'Khutar'),
 (38,4899,'Kiraoli'),
 (38,4900,'Kiratpur'),
 (38,4901,'Kishanpur'),
 (38,4902,'Kishni'),
 (38,4903,'Kithaur'),
 (38,4904,'Koiripur'),
 (38,4905,'Konch'),
 (38,4906,'Kopaganj'),
 (38,4907,'Kora Jahanabad'),
 (38,4908,'Korwa'),
 (38,4909,'Kosi Kalan'),
 (38,4910,'Kota'),
 (38,4911,'Kotra'),
 (38,4912,'Kotwa'),
 (38,4913,'Kulpahar'),
 (38,4914,'Kunda'),
 (38,4915,'Kundarki'),
 (38,4916,'Kunwargaon'),
 (38,4917,'Kurara'),
 (38,4918,'Kurawali'),
 (38,4919,'Kursath'),
 (38,4920,'Kurthi Jafarpur'),
 (38,4921,'Kushinagar'),
 (38,4922,'Kusmara'),
 (38,4923,'Laharpur'),
 (38,4924,'Lakhimpur'),
 (38,4925,'Lakhna'),
 (38,4926,'Lalganj'),
 (38,4927,'Lalitpur'),
 (38,4928,'Lar'),
 (38,4929,'Lawar'),
 (38,4930,'Ledwa Mahuwa'),
 (38,4931,'Lohta'),
 (38,4932,'Loni'),
 (38,4933,'Lucknow'),
 (38,4934,'Machhlishahr'),
 (38,4935,'Madhoganj'),
 (38,4936,'Madhogarh'),
 (38,4937,'Maghar'),
 (38,4938,'Mahaban'),
 (38,4939,'Maharajganj'),
 (38,4940,'Mahmudabad'),
 (38,4941,'Mahoba'),
 (38,4942,'Maholi'),
 (38,4943,'Mahona'),
 (38,4944,'Mahroni'),
 (38,4945,'Mailani'),
 (38,4946,'Mainpuri'),
 (38,4947,'Majhara Pipar Ehatmali'),
 (38,4948,'Majhauli Raj'),
 (38,4949,'Malihabad'),
 (38,4950,'Mallanwam'),
 (38,4951,'Mandawar'),
 (38,4952,'Manikpur'),
 (38,4953,'Maniyar'),
 (38,4954,'Manjhanpur'),
 (38,4955,'Mankapur'),
 (38,4956,'Marehra'),
 (38,4957,'Mariahu'),
 (38,4958,'Maruadih'),
 (38,4959,'Maswasi'),
 (38,4960,'Mataundh'),
 (38,4961,'Mathu'),
 (38,4962,'Mathura'),
 (38,4963,'Mathura Cantonment'),
 (38,4964,'Mau'),
 (38,4965,'Mau Aima'),
 (38,4966,'Maudaha'),
 (38,4967,'Mauranipur'),
 (38,4968,'Maurawan'),
 (38,4969,'Mawana'),
 (38,4970,'Meerut'),
 (38,4971,'Mehnagar'),
 (38,4972,'Mehndawal'),
 (38,4973,'Mendu'),
 (38,4974,'Milak'),
 (38,4975,'Miranpur'),
 (38,4976,'Mirat'),
 (38,4977,'Mirat Cantonment'),
 (38,4978,'Mirganj'),
 (38,4979,'Mirzapur'),
 (38,4980,'Misrikh'),
 (38,4981,'Modinagar'),
 (38,4982,'Mogra Badshahpur'),
 (38,4983,'Mohan'),
 (38,4984,'Mohanpur'),
 (38,4985,'Mohiuddinpur'),
 (38,4986,'Moradabad'),
 (38,4987,'Moth'),
 (38,4988,'Mubarakpur'),
 (38,4989,'Mughal Sarai'),
 (38,4990,'Mughal Sarai Railway Settlemen'),
 (38,4991,'Muhammadabad'),
 (38,4992,'Muhammadi'),
 (38,4993,'Mukrampur Khema'),
 (38,4994,'Mundia'),
 (38,4995,'Mundora'),
 (38,4996,'Muradnagar'),
 (38,4997,'Mursan'),
 (38,4998,'Musafirkhana'),
 (38,4999,'Muzaffarnagar'),
 (38,5000,'Nadigaon'),
 (38,5001,'Nagina'),
 (38,5002,'Nagram'),
 (38,5003,'Nai Bazar'),
 (38,5004,'Nainana Jat'),
 (38,5005,'Najibabad'),
 (38,5006,'Nakur'),
 (38,5007,'Nanaunta'),
 (38,5008,'Nandgaon'),
 (38,5009,'Nanpara'),
 (38,5010,'Naraini'),
 (38,5011,'Narauli'),
 (38,5012,'Naraura'),
 (38,5013,'Naugawan Sadat'),
 (38,5014,'Nautanwa'),
 (38,5015,'Nawabganj'),
 (38,5016,'Nichlaul'),
 (38,5017,'Nidhauli Kalan'),
 (38,5018,'Nihtaur'),
 (38,5019,'Nindaura'),
 (38,5020,'Niwari'),
 (38,5021,'Nizamabad'),
 (38,5022,'Noida'),
 (38,5023,'Northern Railway Colony'),
 (38,5024,'Nurpur'),
 (38,5025,'Nyoria Husenpur'),
 (38,5026,'Nyotini'),
 (38,5027,'Obra'),
 (38,5028,'Oel Dhakwa'),
 (38,5029,'Orai'),
 (38,5030,'Oran'),
 (38,5031,'Ordinance Factory Muradnagar'),
 (38,5032,'Pachperwa'),
 (38,5033,'Padrauna'),
 (38,5034,'Pahasu'),
 (38,5035,'Paintepur'),
 (38,5036,'Pali'),
 (38,5037,'Palia Kalan'),
 (38,5038,'Parasi'),
 (38,5039,'Parichha'),
 (38,5040,'Parichhatgarh'),
 (38,5041,'Parsadepur'),
 (38,5042,'Patala'),
 (38,5043,'Patiyali'),
 (38,5044,'Patti'),
 (38,5045,'Pawayan'),
 (38,5046,'Phalauda'),
 (38,5047,'Phaphund'),
 (38,5048,'Phulpur'),
 (38,5049,'Phulwaria'),
 (38,5050,'Pihani'),
 (38,5051,'Pilibhit'),
 (38,5052,'Pilkana'),
 (38,5053,'Pilkhuwa'),
 (38,5054,'Pinahat'),
 (38,5055,'Pipalsana Chaudhari'),
 (38,5056,'Pipiganj'),
 (38,5057,'Pipraich'),
 (38,5058,'Pipri'),
 (38,5059,'Pratapgarh'),
 (38,5060,'Pukhrayan'),
 (38,5061,'Puranpur'),
 (38,5062,'Purdil Nagar'),
 (38,5063,'Purqazi'),
 (38,5064,'Purwa'),
 (38,5065,'Qasimpur'),
 (38,5066,'Rabupura'),
 (38,5067,'Radha Kund'),
 (38,5068,'Rae Bareilly'),
 (38,5069,'Raja Ka Rampur'),
 (38,5070,'Rajapur'),
 (38,5071,'Ramkola'),
 (38,5072,'Ramnagar'),
 (38,5073,'Rampur'),
 (38,5074,'Rampur Bhawanipur'),
 (38,5075,'Rampur Karkhana'),
 (38,5076,'Rampur Maniharan'),
 (38,5077,'Rampura'),
 (38,5078,'Ranipur'),
 (38,5079,'Rashidpur Garhi'),
 (38,5080,'Rasra'),
 (38,5081,'Rasulabad'),
 (38,5082,'Rath'),
 (38,5083,'Raya'),
 (38,5084,'Renukut'),
 (38,5085,'Reoti'),
 (38,5086,'Richha'),
 (38,5087,'Risia Bazar'),
 (38,5088,'Rithora'),
 (38,5089,'Robertsganj'),
 (38,5090,'Roza'),
 (38,5091,'Rudarpur'),
 (38,5092,'Rudauli'),
 (38,5093,'Rudayan'),
 (38,5094,'Rura'),
 (38,5095,'Rustamnagar Sahaspur'),
 (38,5096,'Sabatwar'),
 (38,5097,'Sadabad'),
 (38,5098,'Sadat'),
 (38,5099,'Safipur'),
 (38,5100,'Sahanpur'),
 (38,5101,'Saharanpur'),
 (38,5102,'Sahaspur'),
 (38,5103,'Sahaswan'),
 (38,5104,'Sahawar'),
 (38,5105,'Sahibabad'),
 (38,5106,'Sahjanwa'),
 (38,5107,'Sahpau'),
 (38,5108,'Saidpur'),
 (38,5109,'Sainthal'),
 (38,5110,'Saiyadraja'),
 (38,5111,'Sakhanu'),
 (38,5112,'Sakit'),
 (38,5113,'Salarpur Khadar'),
 (38,5114,'Salimpur'),
 (38,5115,'Salon'),
 (38,5116,'Sambhal'),
 (38,5117,'Sambhawali'),
 (38,5118,'Samdhan'),
 (38,5119,'Samthar'),
 (38,5120,'Sandi'),
 (38,5121,'Sandila'),
 (38,5122,'Sarai Mir'),
 (38,5123,'Sarai akil'),
 (38,5124,'Sarauli'),
 (38,5125,'Sardhana'),
 (38,5126,'Sarila'),
 (38,5127,'Sarsawan'),
 (38,5128,'Sasni'),
 (38,5129,'Satrikh'),
 (38,5130,'Saunkh'),
 (38,5131,'Saurikh'),
 (38,5132,'Seohara'),
 (38,5133,'Sewal Khas'),
 (38,5134,'Sewarhi'),
 (38,5135,'Shahabad'),
 (38,5136,'Shahganj'),
 (38,5137,'Shahi'),
 (38,5138,'Shahjahanpur'),
 (38,5139,'Shahjahanpur Cantonment'),
 (38,5140,'Shahpur'),
 (38,5141,'Shamli'),
 (38,5142,'Shamsabad'),
 (38,5143,'Shankargarh'),
 (38,5144,'Shergarh'),
 (38,5145,'Sherkot'),
 (38,5146,'Shikarpur'),
 (38,5147,'Shikohabad'),
 (38,5148,'Shisgarh'),
 (38,5149,'Shivdaspur'),
 (38,5150,'Shivli'),
 (38,5151,'Shivrajpur'),
 (38,5152,'Shohratgarh'),
 (38,5153,'Siddhanur'),
 (38,5154,'Siddharthnagar'),
 (38,5155,'Sidhauli'),
 (38,5156,'Sidhpura'),
 (38,5157,'Sikandarabad'),
 (38,5158,'Sikandarpur'),
 (38,5159,'Sikandra'),
 (38,5160,'Sikandra Rao'),
 (38,5161,'Singahi Bhiraura'),
 (38,5162,'Sirathu'),
 (38,5163,'Sirsa'),
 (38,5164,'Sirsaganj'),
 (38,5165,'Sirsi'),
 (38,5166,'Sisauli'),
 (38,5167,'Siswa Bazar'),
 (38,5168,'Sitapur'),
 (38,5169,'Siyana'),
 (38,5170,'Som'),
 (38,5171,'Sonbhadra'),
 (38,5172,'Soron'),
 (38,5173,'Suar'),
 (38,5174,'Sukhmalpur Nizamabad'),
 (38,5175,'Sultanpur'),
 (38,5176,'Sumerpur'),
 (38,5177,'Suriyawan'),
 (38,5178,'Swamibagh'),
 (38,5179,'Tajpur'),
 (38,5180,'Talbahat'),
 (38,5181,'Talgram'),
 (38,5182,'Tambaur'),
 (38,5183,'Tanda'),
 (38,5184,'Tatarpur Lallu'),
 (38,5185,'Tetribazar'),
 (38,5186,'Thakurdwara'),
 (38,5187,'Thana Bhawan'),
 (38,5188,'Thiriya Nizamat Khan'),
 (38,5189,'Tikaitnagar'),
 (38,5190,'Tikri'),
 (38,5191,'Tilhar'),
 (38,5192,'Tindwari'),
 (38,5193,'Tirwaganj'),
 (38,5194,'Titron'),
 (38,5195,'Tori Fatehpur'),
 (38,5196,'Tulsipur'),
 (38,5197,'Tundla'),
 (38,5198,'Tundla Kham'),
 (38,5199,'Tundla Railway Colony'),
 (38,5200,'Ugu'),
 (38,5201,'Ujhani'),
 (38,5202,'Ujhari'),
 (38,5203,'Umri'),
 (38,5204,'Umri Kalan'),
 (38,5205,'Un'),
 (38,5206,'Unchahar'),
 (38,5207,'Unnao'),
 (38,5208,'Usaihat'),
 (38,5209,'Usawan'),
 (38,5210,'Utraula'),
 (38,5211,'Varanasi'),
 (38,5212,'Varanasi Cantonment'),
 (38,5213,'Vijaigarh'),
 (38,5214,'Vrindavan'),
 (38,5215,'Wazirganj'),
 (38,5216,'Zafarabad'),
 (38,5217,'Zaidpur'),
 (38,5218,'Zamania');
/*!40000 ALTER TABLE `cities` ENABLE KEYS */;


--
-- Definition of table `client`
--

DROP TABLE IF EXISTS `client`;
CREATE TABLE `client` (
  `firstname` varchar(30) NOT NULL,
  `lastname` varchar(30) NOT NULL,
  `dob` date NOT NULL,
  `gender` varchar(45) NOT NULL,
  `email` varchar(50) NOT NULL,
  `mobile` varchar(45) NOT NULL,
  `password` varchar(45) NOT NULL,
  `address` varchar(100) NOT NULL,
  `state` varchar(45) NOT NULL,
  `city` varchar(45) NOT NULL,
  PRIMARY KEY  USING BTREE (`mobile`,`email`,`city`)
) ENGINE=InnoDB DEFAULT CHARSET=latin1;

--
-- Dumping data for table `client`
--

/*!40000 ALTER TABLE `client` DISABLE KEYS */;
INSERT INTO `client` (`firstname`,`lastname`,`dob`,`gender`,`email`,`mobile`,`password`,`address`,`state`,`city`) VALUES 
 ('User','1','1996-05-30','Male','User@123','1111','123','Thatipur','21','2214'),
 ('m','m','2018-02-08','Male','mm@123','123123','123','maharaj bada','21','2214'),
 ('manish','singh','2000-12-22','null','aaaa@gmail.com','123123132','123','maharaj bada','Select State','Select City'),
 ('manish','singh','2004-11-30','null','aaaa@gmail.com','13212323','123','maharaj bada','21','2214'),
 ('jhgkjhg','hgfjhg','2017-12-31','null','gfjhgf','21323','123','.gl','21','null'),
 ('manish','singh','2018-11-30','null','manish@gmail.com','23','123','1321323lkjjh','21','2214'),
 ('JGHVJ','JHGVJ','2018-09-30','null','kjhhghgjh','JHVJH','123','HFGUYFUY','21','2214');
/*!40000 ALTER TABLE `client` ENABLE KEYS */;


--
-- Definition of table `photograph`
--

DROP TABLE IF EXISTS `photograph`;
CREATE TABLE `photograph` (
  `pictureid` int(10) unsigned NOT NULL auto_increment,
  `agencyid` varchar(45) NOT NULL,
  `vehicleid` varchar(45) NOT NULL,
  `type` varchar(45) NOT NULL,
  `picture` blob NOT NULL,
  PRIMARY KEY  (`pictureid`)
) ENGINE=InnoDB DEFAULT CHARSET=latin1;

--
-- Dumping data for table `photograph`
--

/*!40000 ALTER TABLE `photograph` DISABLE KEYS */;
INSERT INTO `photograph` (`pictureid`,`agencyid`,`vehicleid`,`type`,`picture`) VALUES 
 (1,'2','mp0702','exterior',0x32383066653837626362386630323764386435303061363335373261613839322D2D6576696C2D6579652D617564692D72732E6A7067),
 (2,'2','MP0707','interior',0x3230313666696174353030392E6A7067),
 (3,'2','MP0702','exterior',0x31354669613530305843726F3564725768694652315F3335302E706E67),
 (4,'1','MP0701','interior',0x32623033353261313861353764623866396238633538393462376264393665385F65787472615F6C617267652E6A7067),
 (5,'1','MP0701','interior',0x32396430666361623861666530383130333338343032373638613461343433625F65787472615F6C617267652E6A7067),
 (6,'1','MP0701','interior',0x32373262316366383165336437313633366564623735393637346366666137635F65787472615F6C617267652E6A7067),
 (7,'1','MP0701','exterior',0x64306632646433636465616462663664323531386230313633313430356634355F65787472615F6C617267652E6A7067),
 (8,'2','MP0702','interior',0x30653463626239323733643332353937623034613561633962306231353365325F65787472615F6C617267652E6A7067),
 (9,'2','MP0702','interior',0x38663335396664633161393231356637396238306265303261646233613639305F65787472615F6C617267652E6A7067),
 (10,'2','MP0702','exterior',0x37366663656262656335653364306166646130613864356139343362303137305F65787472615F6C617267652E6A7067),
 (11,'2','MP0702','interior',0x35376665316536353733343138336566353065653031633234666532396531335F65787472615F6C617267652E6A7067),
 (12,'2','MP0702','interior',0x39333266316336316430643836366166613864373338653864653139656437305F65787472615F6C617267652E6A7067),
 (13,'2','MP0702','interior',0x36393238333735666238316462343066613564633830653131373933616262325F65787472615F6C617267652E6A7067),
 (14,'2','MP0702','interior',0x62303237326563333538373564653865306538363237333231643066363461615F65787472615F6C617267652E6A7067),
 (15,'2','MP0702','exterior',0x37366663656262656335653364306166646130613864356139343362303137305F65787472615F6C617267652E6A7067),
 (16,'2','MP0705','interior',0x30346164303164656563613661366637656437646536316430616163616561345F65787472615F6C617267652E6A7067),
 (17,'2','MP0705','exterior',0x32336635646563613130376231663035393136623366623738643762646133365F65787472615F6C617267652E6A7067),
 (18,'2','MP0705','interior',0x34333562396565653061353633343662633436663839373865363334373838345F65787472615F6C617267652E6A7067),
 (19,'2','MP0705','exterior',0x31323739393338363230363663636138383730386265363134306365666266365F65787472615F6C617267652E6A7067),
 (20,'2','MP0705','interior',0x34333562396565653061353633343662633436663839373865363334373838345F65787472615F6C617267652E6A7067),
 (21,'2','MP0705','exterior',0x31323739393338363230363663636138383730386265363134306365666266365F65787472615F6C617267652E6A7067),
 (22,'2','MP0707','interior',0x33656230336439656265613239663062663166313731353132373435616232365F65787472615F6C617267652E6A7067),
 (24,'2','MP0707','interior',0x35623231643035303434303162306137363031646162396665656562323830615F65787472615F6C617267652E6A7067),
 (25,'2','MP0707','interior',0x34316136353165636165663136613732363834613561643066666666636539355F65787472615F6C617267652E6A7067),
 (26,'2','MP0707','interior',0x39363533613536666663323937633839663864333566653665393366613061365F65787472615F6C617267652E6A7067),
 (27,'2','MP0707','interior',0x36353834623862653966396536366163353737636638363933626232613032665F65787472615F6C617267652E6A7067),
 (28,'2','MP0707','interior',0x65326563656263326438313035336130363632623038363435346432643739625F65787472615F6C617267652E6A7067),
 (29,'2','MP0707','interior',0x61383034613961646162333039363837373765343533366565366463613462635F65787472615F6C617267652E6A7067),
 (30,'2','MP0707','interior',0x34316136353165636165663136613732363834613561643066666666636539355F65787472615F6C617267652E6A7067),
 (31,'2','MP0707','exterior',0x65623131306438393462613335313832373331383863316565313362646466645F65787472615F6C617267652E6A7067),
 (32,'2','MP0707','exterior',0x61633431626566323431316538663164343764353332663233306535323834615F65787472615F6C617267652E6A7067),
 (33,'2','MP0707','exterior',0x31383665613130646535643830326433646330346166616565353862336632615F65787472615F6C617267652E6A7067),
 (34,'2','MP0707','exterior',0x34613334343637373562343034313639393361336363633766653732643637395F65787472615F6C617267652E6A7067),
 (35,'2','MP0707','exterior',0x65623131306438393462613335313832373331383863316565313362646466645F65787472615F6C617267652E6A7067),
 (36,'3','MP0703','interior',0x323031382D417564692D5454532D636F7570652D64657369676E2D696E746572696F722D636F636B7069742D373136783731362D322E6A7067),
 (37,'3','MP0703','interior',0x6C617267652E6A7067),
 (38,'3','MP0703','exterior',0x65336636666434613236306465653238656465373232383138653030303836352D2D6361722D66696E6465722D616D617A696E672D636172732E6A7067),
 (39,'3','MP0703','exterior',0x74756D626C725F6E766875726C7139344A317532716630786F315F3530302E6A7067),
 (40,'3','MP0703','exterior',0x4C542D466961742D353030585F5F30352D373030783436362E6A7067),
 (41,'5','MP0704','interior',0x35373766383162323838316239633937643333633235643061623632656562305F65787472615F6C617267652E6A7067),
 (42,'5','MP0704','interior',0x30383234323236303034336133326532613832663139646165663132653865645F65787472615F6C617267652E6A7067),
 (43,'5','MP0704','interior',0x30383234323236303034336133326532613832663139646165663132653865645F65787472615F6C617267652E6A7067),
 (44,'5','MP0704','exterior',0x36653536336462656464353235323536643732306538663733613566393134355F65787472615F6C617267652E6A7067),
 (45,'5','MP0704','exterior',0x61626636393430653232616135313066636534303137623230396539386662335F65787472615F6C617267652E6A7067),
 (46,'5','MP0704','exterior',0x63373565333335306262623464663261376165636637633739383437326339655F65787472615F6C617267652E6A7067),
 (47,'5','MP0704','exterior',0x63393838653636646266656331393038363837633265306335383839386461665F65787472615F6C617267652E6A7067);
/*!40000 ALTER TABLE `photograph` ENABLE KEYS */;


--
-- Definition of table `states`
--

DROP TABLE IF EXISTS `states`;
CREATE TABLE `states` (
  `stateid` int(10) unsigned NOT NULL auto_increment,
  `statename` varchar(45) NOT NULL,
  `countryid` int(10) unsigned NOT NULL,
  PRIMARY KEY  (`stateid`)
) ENGINE=InnoDB DEFAULT CHARSET=latin1;

--
-- Dumping data for table `states`
--

/*!40000 ALTER TABLE `states` DISABLE KEYS */;
INSERT INTO `states` (`stateid`,`statename`,`countryid`) VALUES 
 (21,'Madhya Pradesh',101),
 (22,'Maharashtra',101),
 (32,'Punjab',101),
 (33,'Rajasthan',101),
 (38,'Uttar Pradesh',101);
/*!40000 ALTER TABLE `states` ENABLE KEYS */;




/*!40101 SET SQL_MODE=@OLD_SQL_MODE */;
/*!40014 SET FOREIGN_KEY_CHECKS=@OLD_FOREIGN_KEY_CHECKS */;
/*!40014 SET UNIQUE_CHECKS=@OLD_UNIQUE_CHECKS */;
/*!40101 SET CHARACTER_SET_CLIENT=@OLD_CHARACTER_SET_CLIENT */;
/*!40101 SET CHARACTER_SET_RESULTS=@OLD_CHARACTER_SET_RESULTS */;
/*!40101 SET COLLATION_CONNECTION=@OLD_COLLATION_CONNECTION */;
/*!40101 SET CHARACTER_SET_CLIENT=@OLD_CHARACTER_SET_CLIENT */;
